course,completed_by,completed_date,completed_time
DS,Jack,8/1/2023,9:00 AM
DS,Jack,8/1/2023,9:00 AM
DS,Jack,8/1/2023,9:00 AM
DS,Jack,8/1/2023,9:00 AM
DS,Jack,8/1/2023,10:00 AM
DS,Jack,8/1/2023,10:00 AM
DS,Jack,8/1/2023,10:00 AM
DS,Jack,8/1/2023,11:00 AM
DS,Jack,8/1/2023,11:00 AM
DS,Jack,8/1/2023,11:00 AM
DS,Jack,8/1/2023,11:00 AM
DS,Jack,8/1/2023,12:00 PM
DS,Jack,8/1/2023,12:00 PM
DS,Jack,8/1/2023,12:00 PM
DS,Jack,8/1/2023,4:00 PM
DS,Jack,8/1/2023,4:00 PM
DS,Jack,8/1/2023,4:00 PM
DS,Jack,8/1/2023,4:00 PM
DS,Jack,8/1/2023,4:00 PM
DS,Jack,8/1/2023,4:00 PM
DS,Jack,8/1/2023,6:00 PM
DS,Jack,8/1/2023,6:00 PM
DS,Jack,8/1/2023,6:00 PM
DS,Jack,8/1/2023,6:00 PM
DS,Tim,8/1/2023,9:00 AM
DS,Tim,8/1/2023,9:00 AM
DS,Tim,8/1/2023,9:00 AM
DS,Tim,8/1/2023,9:00 AM
DS,Tim,8/1/2023,9:00 AM
DS,Tim,8/1/2023,11:00 AM
DS,Tim,8/1/2023,11:00 AM
DS,Tim,8/1/2023,11:00 AM
DS,Tim,8/1/2023,12:00 PM
DS,Tim,8/1/2023,12:00 PM
DS,Tim,8/1/2023,12:00 PM
DS,Tim,8/1/2023,12:00 PM
DS,Tim,8/1/2023,2:00 PM
DS,Tim,8/1/2023,2:00 PM
DS,Tim,8/1/2023,2:00 PM
DS,Tim,8/1/2023,2:00 PM
DS,Tim,8/1/2023,3:00 PM
DS,Tim,8/1/2023,3:00 PM
DS,Tim,8/1/2023,3:00 PM
DS,Tim,8/1/2023,3:00 PM
DS,Tim,8/1/2023,4:00 PM
DS,Tim,8/1/2023,4:00 PM
DS,Tim,8/1/2023,6:00 PM
DS,Tim,8/1/2023,6:00 PM
DS,Garry,8/1/2023,10:00 AM
DS,Garry,8/1/2023,10:00 AM
DS,Garry,8/1/2023,10:00 AM
DS,Garry,8/1/2023,10:00 AM
DS,Garry,8/1/2023,11:00 AM
DS,Garry,8/1/2023,11:00 AM
DS,Garry,8/1/2023,11:00 AM
DS,Garry,8/1/2023,11:00 AM
DS,Garry,8/1/2023,2:00 PM
DS,Garry,8/1/2023,2:00 PM
DS,Garry,8/1/2023,2:00 PM
DS,Garry,8/1/2023,2:00 PM
DS,Garry,8/1/2023,4:00 PM
DS,Garry,8/1/2023,4:00 PM
DS,Garry,8/1/2023,4:00 PM
DS,Garry,8/1/2023,6:00 PM
DS,Garry,8/1/2023,6:00 PM
DS,Jack,8/2/2023,9:00 AM
DS,Jack,8/2/2023,9:00 AM
DS,Jack,8/2/2023,9:00 AM
DS,Jack,8/2/2023,9:00 AM
DS,Jack,8/2/2023,9:00 AM
DS,Jack,8/2/2023,9:00 AM
DS,Jack,8/2/2023,10:00 AM
DS,Jack,8/2/2023,10:00 AM
DS,Jack,8/2/2023,10:00 AM
DS,Jack,8/2/2023,10:00 AM
DS,Jack,8/2/2023,10:00 AM
DS,Jack,8/2/2023,11:00 AM
DS,Jack,8/2/2023,11:00 AM
DS,Jack,8/2/2023,11:00 AM
DS,Jack,8/2/2023,12:00 PM
DS,Jack,8/2/2023,12:00 PM
DS,Jack,8/2/2023,12:00 PM
DS,Jack,8/2/2023,12:00 PM
DS,Jack,8/2/2023,4:00 PM
DS,Jack,8/2/2023,4:00 PM
DS,Jack,8/2/2023,4:00 PM
DS,Jack,8/2/2023,4:00 PM
DS,Jack,8/2/2023,4:00 PM
DS,Jack,8/2/2023,4:00 PM
DS,Jack,8/2/2023,6:00 PM
DS,Jack,8/2/2023,6:00 PM
DS,Jack,8/2/2023,6:00 PM
DS,Jack,8/2/2023,6:00 PM
DS,Jack,8/2/2023,6:00 PM
DS,Tim,8/2/2023,9:00 AM
DS,Tim,8/2/2023,9:00 AM
DS,Tim,8/2/2023,9:00 AM
DS,Tim,8/2/2023,11:00 AM
DS,Tim,8/2/2023,11:00 AM
DS,Tim,8/2/2023,11:00 AM
DS,Tim,8/2/2023,11:00 AM
DS,Tim,8/2/2023,12:00 PM
DS,Tim,8/2/2023,12:00 PM
DS,Tim,8/2/2023,2:00 PM
DS,Tim,8/2/2023,2:00 PM
DS,Tim,8/2/2023,2:00 PM
DS,Tim,8/2/2023,2:00 PM
DS,Tim,8/2/2023,3:00 PM
DS,Tim,8/2/2023,3:00 PM
DS,Tim,8/2/2023,4:00 PM
DS,Tim,8/2/2023,4:00 PM
DS,Tim,8/2/2023,4:00 PM
DS,Tim,8/2/2023,4:00 PM
DS,Tim,8/2/2023,6:00 PM
DS,Tim,8/2/2023,6:00 PM
DS,Tim,8/2/2023,6:00 PM
DS,Tim,8/2/2023,6:00 PM
DS,Tim,8/2/2023,6:00 PM
DS,Tim,8/2/2023,6:00 PM
DS,Garry,8/2/2023,10:00 AM
DS,Garry,8/2/2023,10:00 AM
DS,Garry,8/2/2023,10:00 AM
DS,Garry,8/2/2023,10:00 AM
DS,Garry,8/2/2023,11:00 AM
DS,Garry,8/2/2023,11:00 AM
DS,Garry,8/2/2023,2:00 PM
DS,Garry,8/2/2023,2:00 PM
DS,Garry,8/2/2023,2:00 PM
DS,Garry,8/2/2023,4:00 PM
DS,Garry,8/2/2023,4:00 PM
DS,Garry,8/2/2023,4:00 PM
DS,Garry,8/2/2023,6:00 PM
DS,Garry,8/2/2023,6:00 PM
DS,Jack,8/3/2023,9:00 AM
DS,Jack,8/3/2023,9:00 AM
DS,Jack,8/3/2023,9:00 AM
DS,Jack,8/3/2023,9:00 AM
DS,Jack,8/3/2023,9:00 AM
DS,Jack,8/3/2023,10:00 AM
DS,Jack,8/3/2023,10:00 AM
DS,Jack,8/3/2023,10:00 AM
DS,Jack,8/3/2023,10:00 AM
DS,Jack,8/3/2023,11:00 AM
DS,Jack,8/3/2023,11:00 AM
DS,Jack,8/3/2023,11:00 AM
DS,Jack,8/3/2023,11:00 AM
DS,Jack,8/3/2023,11:00 AM
DS,Jack,8/3/2023,11:00 AM
DS,Jack,8/3/2023,12:00 PM
DS,Jack,8/3/2023,12:00 PM
DS,Jack,8/3/2023,12:00 PM
DS,Jack,8/3/2023,12:00 PM
DS,Jack,8/3/2023,4:00 PM
DS,Jack,8/3/2023,4:00 PM
DS,Jack,8/3/2023,4:00 PM
DS,Jack,8/3/2023,4:00 PM
DS,Jack,8/3/2023,6:00 PM
DS,Jack,8/3/2023,6:00 PM
DS,Jack,8/3/2023,6:00 PM
DS,Jack,8/3/2023,6:00 PM
DS,Jack,8/3/2023,6:00 PM
DS,Tim,8/3/2023,9:00 AM
DS,Tim,8/3/2023,9:00 AM
DS,Tim,8/3/2023,9:00 AM
DS,Tim,8/3/2023,9:00 AM
DS,Tim,8/3/2023,9:00 AM
DS,Tim,8/3/2023,11:00 AM
DS,Tim,8/3/2023,11:00 AM
DS,Tim,8/3/2023,12:00 PM
DS,Tim,8/3/2023,12:00 PM
DS,Tim,8/3/2023,12:00 PM
DS,Tim,8/3/2023,12:00 PM
DS,Tim,8/3/2023,2:00 PM
DS,Tim,8/3/2023,2:00 PM
DS,Tim,8/3/2023,2:00 PM
DS,Tim,8/3/2023,2:00 PM
DS,Tim,8/3/2023,2:00 PM
DS,Tim,8/3/2023,3:00 PM
DS,Tim,8/3/2023,3:00 PM
DS,Tim,8/3/2023,4:00 PM
DS,Tim,8/3/2023,4:00 PM
DS,Tim,8/3/2023,4:00 PM
DS,Tim,8/3/2023,6:00 PM
DS,Tim,8/3/2023,6:00 PM
DS,Tim,8/3/2023,6:00 PM
DS,Tim,8/3/2023,6:00 PM
DS,Jimmy,8/3/2023,10:00 AM
DS,Jimmy,8/3/2023,11:00 AM
DS,Jimmy,8/3/2023,2:00 PM
DS,Jimmy,8/3/2023,2:00 PM
DS,Jimmy,8/3/2023,2:00 PM
DS,Jimmy,8/3/2023,3:00 PM
DS,Jimmy,8/3/2023,4:00 PM
DS,Jimmy,8/3/2023,4:00 PM
DS,Jimmy,8/3/2023,5:00 PM
DS,Jimmy,8/3/2023,5:00 PM
DS,Jimmy,8/3/2023,6:00 PM
DS,Jimmy,8/3/2023,6:00 PM
DS,Jimmy,8/3/2023,6:00 PM
DS,Jack,8/4/2023,9:00 AM
DS,Jack,8/4/2023,9:00 AM
DS,Jack,8/4/2023,9:00 AM
DS,Jack,8/4/2023,9:00 AM
DS,Jack,8/4/2023,9:00 AM
DS,Jack,8/4/2023,9:00 AM
DS,Jack,8/4/2023,9:00 AM
DS,Jack,8/4/2023,10:00 AM
DS,Jack,8/4/2023,10:00 AM
DS,Jack,8/4/2023,10:00 AM
DS,Jack,8/4/2023,10:00 AM
DS,Jack,8/4/2023,11:00 AM
DS,Jack,8/4/2023,11:00 AM
DS,Jack,8/4/2023,11:00 AM
DS,Jack,8/4/2023,11:00 AM
DS,Jack,8/4/2023,11:00 AM
DS,Jack,8/4/2023,11:00 AM
DS,Jack,8/4/2023,12:00 PM
DS,Jack,8/4/2023,12:00 PM
DS,Jack,8/4/2023,12:00 PM
DS,Jack,8/4/2023,12:00 PM
DS,Jack,8/4/2023,12:00 PM
DS,Jack,8/4/2023,4:00 PM
DS,Jack,8/4/2023,4:00 PM
DS,Jack,8/4/2023,4:00 PM
DS,Jack,8/4/2023,4:00 PM
DS,Jack,8/4/2023,6:00 PM
DS,Jack,8/4/2023,6:00 PM
DS,Jack,8/4/2023,6:00 PM
DS,Tim,8/4/2023,9:00 AM
DS,Tim,8/4/2023,9:00 AM
DS,Tim,8/4/2023,9:00 AM
DS,Tim,8/4/2023,9:00 AM
DS,Tim,8/4/2023,9:00 AM
DS,Tim,8/4/2023,11:00 AM
DS,Tim,8/4/2023,11:00 AM
DS,Tim,8/4/2023,12:00 PM
DS,Tim,8/4/2023,12:00 PM
DS,Tim,8/4/2023,2:00 PM
DS,Tim,8/4/2023,2:00 PM
DS,Tim,8/4/2023,2:00 PM
DS,Tim,8/4/2023,3:00 PM
DS,Tim,8/4/2023,3:00 PM
DS,Tim,8/4/2023,3:00 PM
DS,Tim,8/4/2023,3:00 PM
DS,Tim,8/4/2023,3:00 PM
DS,Tim,8/4/2023,3:00 PM
DS,Tim,8/4/2023,4:00 PM
DS,Tim,8/4/2023,4:00 PM
DS,Tim,8/4/2023,4:00 PM
DS,Tim,8/4/2023,4:00 PM
DS,Tim,8/4/2023,6:00 PM
DS,Tim,8/4/2023,6:00 PM
DS,Tim,8/4/2023,6:00 PM
DS,Jimmy,8/4/2023,10:00 AM
DS,Jimmy,8/4/2023,10:00 AM
DS,Jimmy,8/4/2023,11:00 AM
DS,Jimmy,8/4/2023,11:00 AM
DS,Jimmy,8/4/2023,2:00 PM
DS,Jimmy,8/4/2023,2:00 PM
DS,Jimmy,8/4/2023,2:00 PM
DS,Jimmy,8/4/2023,2:00 PM
DS,Jimmy,8/4/2023,3:00 PM
DS,Jimmy,8/4/2023,3:00 PM
DS,Jimmy,8/4/2023,3:00 PM
DS,Jimmy,8/4/2023,4:00 PM
DS,Jimmy,8/4/2023,4:00 PM
DS,Jimmy,8/4/2023,4:00 PM
DS,Jimmy,8/4/2023,5:00 PM
DS,Jimmy,8/4/2023,5:00 PM
DS,Jimmy,8/4/2023,5:00 PM
DS,Jimmy,8/4/2023,6:00 PM
DS,Jimmy,8/4/2023,6:00 PM
DS,Jimmy,8/4/2023,6:00 PM
DS,Jimmy,8/5/2023,10:00 AM
DS,Jimmy,8/5/2023,10:00 AM
DS,Jimmy,8/5/2023,11:00 AM
DS,Jimmy,8/5/2023,11:00 AM
DS,Jimmy,8/5/2023,2:00 PM
DS,Jimmy,8/5/2023,3:00 PM
DS,Jimmy,8/5/2023,3:00 PM
DS,Jimmy,8/5/2023,4:00 PM
DS,Jimmy,8/5/2023,4:00 PM
DS,Jimmy,8/5/2023,4:00 PM
DS,Jimmy,8/5/2023,5:00 PM
DS,Jimmy,8/5/2023,5:00 PM
DS,Jimmy,8/5/2023,6:00 PM
DS,Jimmy,8/5/2023,6:00 PM
DS,Jimmy,8/5/2023,6:00 PM
DS,Garry,8/5/2023,10:00 AM
DS,Garry,8/5/2023,10:00 AM
DS,Garry,8/5/2023,10:00 AM
DS,Garry,8/5/2023,10:00 AM
DS,Garry,8/5/2023,11:00 AM
DS,Garry,8/5/2023,11:00 AM
DS,Garry,8/5/2023,11:00 AM
DS,Garry,8/5/2023,2:00 PM
DS,Garry,8/5/2023,2:00 PM
DS,Garry,8/5/2023,2:00 PM
DS,Garry,8/5/2023,2:00 PM
DS,Garry,8/5/2023,2:00 PM
DS,Garry,8/5/2023,4:00 PM
DS,Garry,8/5/2023,4:00 PM
DS,Garry,8/5/2023,4:00 PM
DS,Garry,8/5/2023,4:00 PM
DS,Garry,8/5/2023,6:00 PM
DS,Garry,8/5/2023,6:00 PM
DS,Jimmy,8/6/2023,10:00 AM
DS,Jimmy,8/6/2023,10:00 AM
DS,Jimmy,8/6/2023,10:00 AM
DS,Jimmy,8/6/2023,11:00 AM
DS,Jimmy,8/6/2023,11:00 AM
DS,Jimmy,8/6/2023,2:00 PM
DS,Jimmy,8/6/2023,3:00 PM
DS,Jimmy,8/6/2023,4:00 PM
DS,Jimmy,8/6/2023,4:00 PM
DS,Jimmy,8/6/2023,4:00 PM
DS,Jimmy,8/6/2023,4:00 PM
DS,Jimmy,8/6/2023,5:00 PM
DS,Jimmy,8/6/2023,5:00 PM
DS,Jimmy,8/6/2023,5:00 PM
DS,Jimmy,8/6/2023,5:00 PM
DS,Jimmy,8/6/2023,5:00 PM
DS,Jimmy,8/6/2023,6:00 PM
DS,Jimmy,8/6/2023,6:00 PM
DS,Jimmy,8/6/2023,6:00 PM
DS,Jimmy,8/6/2023,6:00 PM
DS,Garry,8/6/2023,10:00 AM
DS,Garry,8/6/2023,10:00 AM
DS,Garry,8/6/2023,10:00 AM
DS,Garry,8/6/2023,11:00 AM
DS,Garry,8/6/2023,11:00 AM
DS,Garry,8/6/2023,11:00 AM
DS,Garry,8/6/2023,2:00 PM
DS,Garry,8/6/2023,2:00 PM
DS,Garry,8/6/2023,2:00 PM
DS,Garry,8/6/2023,4:00 PM
DS,Garry,8/6/2023,4:00 PM
DS,Garry,8/6/2023,6:00 PM
DS,Garry,8/6/2023,6:00 PM
DS,Garry,8/6/2023,6:00 PM
DS,Garry,8/6/2023,6:00 PM
DS,Jack,8/7/2023,9:00 AM
DS,Jack,8/7/2023,9:00 AM
DS,Jack,8/7/2023,9:00 AM
DS,Jack,8/7/2023,9:00 AM
DS,Jack,8/7/2023,9:00 AM
DS,Jack,8/7/2023,9:00 AM
DS,Jack,8/7/2023,10:00 AM
DS,Jack,8/7/2023,10:00 AM
DS,Jack,8/7/2023,10:00 AM
DS,Jack,8/7/2023,10:00 AM
DS,Jack,8/7/2023,11:00 AM
DS,Jack,8/7/2023,11:00 AM
DS,Jack,8/7/2023,11:00 AM
DS,Jack,8/7/2023,11:00 AM
DS,Jack,8/7/2023,12:00 PM
DS,Jack,8/7/2023,12:00 PM
DS,Jack,8/7/2023,12:00 PM
DS,Jack,8/7/2023,12:00 PM
DS,Jack,8/7/2023,4:00 PM
DS,Jack,8/7/2023,4:00 PM
DS,Jack,8/7/2023,4:00 PM
DS,Jack,8/7/2023,4:00 PM
DS,Jack,8/7/2023,6:00 PM
DS,Jack,8/7/2023,6:00 PM
DS,Jack,8/7/2023,6:00 PM
DS,Jack,8/7/2023,6:00 PM
DS,Jack,8/7/2023,6:00 PM
DS,Tim,8/7/2023,9:00 AM
DS,Tim,8/7/2023,9:00 AM
DS,Tim,8/7/2023,9:00 AM
DS,Tim,8/7/2023,9:00 AM
DS,Tim,8/7/2023,11:00 AM
DS,Tim,8/7/2023,11:00 AM
DS,Tim,8/7/2023,11:00 AM
DS,Tim,8/7/2023,12:00 PM
DS,Tim,8/7/2023,12:00 PM
DS,Tim,8/7/2023,12:00 PM
DS,Tim,8/7/2023,12:00 PM
DS,Tim,8/7/2023,2:00 PM
DS,Tim,8/7/2023,2:00 PM
DS,Tim,8/7/2023,2:00 PM
DS,Tim,8/7/2023,3:00 PM
DS,Tim,8/7/2023,3:00 PM
DS,Tim,8/7/2023,3:00 PM
DS,Tim,8/7/2023,3:00 PM
DS,Tim,8/7/2023,3:00 PM
DS,Tim,8/7/2023,4:00 PM
DS,Tim,8/7/2023,4:00 PM
DS,Tim,8/7/2023,4:00 PM
DS,Tim,8/7/2023,6:00 PM
DS,Tim,8/7/2023,6:00 PM
DS,Tim,8/7/2023,6:00 PM
DS,Tim,8/7/2023,6:00 PM
DS,Jimmy,8/7/2023,10:00 AM
DS,Jimmy,8/7/2023,10:00 AM
DS,Jimmy,8/7/2023,10:00 AM
DS,Jimmy,8/7/2023,11:00 AM
DS,Jimmy,8/7/2023,11:00 AM
DS,Jimmy,8/7/2023,11:00 AM
DS,Jimmy,8/7/2023,2:00 PM
DS,Jimmy,8/7/2023,2:00 PM
DS,Jimmy,8/7/2023,2:00 PM
DS,Jimmy,8/7/2023,3:00 PM
DS,Jimmy,8/7/2023,3:00 PM
DS,Jimmy,8/7/2023,3:00 PM
DS,Jimmy,8/7/2023,3:00 PM
DS,Jimmy,8/7/2023,4:00 PM
DS,Jimmy,8/7/2023,4:00 PM
DS,Jimmy,8/7/2023,5:00 PM
DS,Jimmy,8/7/2023,5:00 PM
DS,Jimmy,8/7/2023,5:00 PM
DS,Jimmy,8/7/2023,5:00 PM
DS,Jimmy,8/7/2023,6:00 PM
DS,Garry,8/7/2023,10:00 AM
DS,Garry,8/7/2023,10:00 AM
DS,Garry,8/7/2023,10:00 AM
DS,Garry,8/7/2023,11:00 AM
DS,Garry,8/7/2023,11:00 AM
DS,Garry,8/7/2023,11:00 AM
DS,Garry,8/7/2023,11:00 AM
DS,Garry,8/7/2023,2:00 PM
DS,Garry,8/7/2023,2:00 PM
DS,Garry,8/7/2023,2:00 PM
DS,Garry,8/7/2023,2:00 PM
DS,Garry,8/7/2023,4:00 PM
DS,Garry,8/7/2023,4:00 PM
DS,Garry,8/7/2023,4:00 PM
DS,Garry,8/7/2023,6:00 PM
DS,Garry,8/7/2023,6:00 PM
DS,Garry,8/7/2023,6:00 PM
DS,Jack,8/8/2023,9:00 AM
DS,Jack,8/8/2023,9:00 AM
DS,Jack,8/8/2023,9:00 AM
DS,Jack,8/8/2023,9:00 AM
DS,Jack,8/8/2023,9:00 AM
DS,Jack,8/8/2023,10:00 AM
DS,Jack,8/8/2023,10:00 AM
DS,Jack,8/8/2023,10:00 AM
DS,Jack,8/8/2023,10:00 AM
DS,Jack,8/8/2023,11:00 AM
DS,Jack,8/8/2023,11:00 AM
DS,Jack,8/8/2023,11:00 AM
DS,Jack,8/8/2023,11:00 AM
DS,Jack,8/8/2023,11:00 AM
DS,Jack,8/8/2023,12:00 PM
DS,Jack,8/8/2023,12:00 PM
DS,Jack,8/8/2023,12:00 PM
DS,Jack,8/8/2023,12:00 PM
DS,Jack,8/8/2023,12:00 PM
DS,Jack,8/8/2023,4:00 PM
DS,Jack,8/8/2023,4:00 PM
DS,Jack,8/8/2023,4:00 PM
DS,Jack,8/8/2023,4:00 PM
DS,Jack,8/8/2023,6:00 PM
DS,Jack,8/8/2023,6:00 PM
DS,Jack,8/8/2023,6:00 PM
DS,Tim,8/8/2023,9:00 AM
DS,Tim,8/8/2023,9:00 AM
DS,Tim,8/8/2023,9:00 AM
DS,Tim,8/8/2023,11:00 AM
DS,Tim,8/8/2023,11:00 AM
DS,Tim,8/8/2023,11:00 AM
DS,Tim,8/8/2023,12:00 PM
DS,Tim,8/8/2023,12:00 PM
DS,Tim,8/8/2023,12:00 PM
DS,Tim,8/8/2023,2:00 PM
DS,Tim,8/8/2023,2:00 PM
DS,Tim,8/8/2023,2:00 PM
DS,Tim,8/8/2023,2:00 PM
DS,Tim,8/8/2023,2:00 PM
DS,Tim,8/8/2023,3:00 PM
DS,Tim,8/8/2023,3:00 PM
DS,Tim,8/8/2023,3:00 PM
DS,Tim,8/8/2023,4:00 PM
DS,Tim,8/8/2023,4:00 PM
DS,Tim,8/8/2023,4:00 PM
DS,Tim,8/8/2023,6:00 PM
DS,Tim,8/8/2023,6:00 PM
DS,Tim,8/8/2023,6:00 PM
DS,Tim,8/8/2023,6:00 PM
DS,Tim,8/8/2023,6:00 PM
DS,Garry,8/8/2023,10:00 AM
DS,Garry,8/8/2023,10:00 AM
DS,Garry,8/8/2023,10:00 AM
DS,Garry,8/8/2023,10:00 AM
DS,Garry,8/8/2023,11:00 AM
DS,Garry,8/8/2023,11:00 AM
DS,Garry,8/8/2023,11:00 AM
DS,Garry,8/8/2023,11:00 AM
DS,Garry,8/8/2023,2:00 PM
DS,Garry,8/8/2023,2:00 PM
DS,Garry,8/8/2023,2:00 PM
DS,Garry,8/8/2023,2:00 PM
DS,Garry,8/8/2023,4:00 PM
DS,Garry,8/8/2023,4:00 PM
DS,Garry,8/8/2023,6:00 PM
DS,Garry,8/8/2023,6:00 PM
DS,Garry,8/8/2023,6:00 PM
DS,Garry,8/8/2023,6:00 PM
DS,Jack,8/9/2023,9:00 AM
DS,Jack,8/9/2023,9:00 AM
DS,Jack,8/9/2023,9:00 AM
DS,Jack,8/9/2023,9:00 AM
DS,Jack,8/9/2023,10:00 AM
DS,Jack,8/9/2023,10:00 AM
DS,Jack,8/9/2023,10:00 AM
DS,Jack,8/9/2023,10:00 AM
DS,Jack,8/9/2023,10:00 AM
DS,Jack,8/9/2023,10:00 AM
DS,Jack,8/9/2023,11:00 AM
DS,Jack,8/9/2023,11:00 AM
DS,Jack,8/9/2023,11:00 AM
DS,Jack,8/9/2023,11:00 AM
DS,Jack,8/9/2023,11:00 AM
DS,Jack,8/9/2023,12:00 PM
DS,Jack,8/9/2023,12:00 PM
DS,Jack,8/9/2023,12:00 PM
DS,Jack,8/9/2023,12:00 PM
DS,Jack,8/9/2023,12:00 PM
DS,Jack,8/9/2023,4:00 PM
DS,Jack,8/9/2023,4:00 PM
DS,Jack,8/9/2023,4:00 PM
DS,Jack,8/9/2023,6:00 PM
DS,Jack,8/9/2023,6:00 PM
DS,Jack,8/9/2023,6:00 PM
DS,Tim,8/9/2023,9:00 AM
DS,Tim,8/9/2023,9:00 AM
DS,Tim,8/9/2023,9:00 AM
DS,Tim,8/9/2023,9:00 AM
DS,Tim,8/9/2023,11:00 AM
DS,Tim,8/9/2023,11:00 AM
DS,Tim,8/9/2023,12:00 PM
DS,Tim,8/9/2023,12:00 PM
DS,Tim,8/9/2023,12:00 PM
DS,Tim,8/9/2023,2:00 PM
DS,Tim,8/9/2023,2:00 PM
DS,Tim,8/9/2023,3:00 PM
DS,Tim,8/9/2023,3:00 PM
DS,Tim,8/9/2023,3:00 PM
DS,Tim,8/9/2023,3:00 PM
DS,Tim,8/9/2023,4:00 PM
DS,Tim,8/9/2023,4:00 PM
DS,Tim,8/9/2023,4:00 PM
DS,Tim,8/9/2023,6:00 PM
DS,Tim,8/9/2023,6:00 PM
DS,Tim,8/9/2023,6:00 PM
DS,Tim,8/9/2023,6:00 PM
DS,Garry,8/9/2023,10:00 AM
DS,Garry,8/9/2023,10:00 AM
DS,Garry,8/9/2023,11:00 AM
DS,Garry,8/9/2023,11:00 AM
DS,Garry,8/9/2023,11:00 AM
DS,Garry,8/9/2023,2:00 PM
DS,Garry,8/9/2023,2:00 PM
DS,Garry,8/9/2023,2:00 PM
DS,Garry,8/9/2023,4:00 PM
DS,Garry,8/9/2023,4:00 PM
DS,Garry,8/9/2023,4:00 PM
DS,Garry,8/9/2023,6:00 PM
DS,Garry,8/9/2023,6:00 PM
DS,Garry,8/9/2023,6:00 PM
DS,Garry,8/9/2023,6:00 PM
DS,Jack,8/10/2023,9:00 AM
DS,Jack,8/10/2023,9:00 AM
DS,Jack,8/10/2023,9:00 AM
DS,Jack,8/10/2023,9:00 AM
DS,Jack,8/10/2023,10:00 AM
DS,Jack,8/10/2023,10:00 AM
DS,Jack,8/10/2023,10:00 AM
DS,Jack,8/10/2023,10:00 AM
DS,Jack,8/10/2023,11:00 AM
DS,Jack,8/10/2023,11:00 AM
DS,Jack,8/10/2023,11:00 AM
DS,Jack,8/10/2023,12:00 PM
DS,Jack,8/10/2023,12:00 PM
DS,Jack,8/10/2023,12:00 PM
DS,Jack,8/10/2023,12:00 PM
DS,Jack,8/10/2023,12:00 PM
DS,Jack,8/10/2023,4:00 PM
DS,Jack,8/10/2023,4:00 PM
DS,Jack,8/10/2023,4:00 PM
DS,Jack,8/10/2023,4:00 PM
DS,Jack,8/10/2023,6:00 PM
DS,Jack,8/10/2023,6:00 PM
DS,Jack,8/10/2023,6:00 PM
DS,Tim,8/10/2023,9:00 AM
DS,Tim,8/10/2023,9:00 AM
DS,Tim,8/10/2023,9:00 AM
DS,Tim,8/10/2023,11:00 AM
DS,Tim,8/10/2023,11:00 AM
DS,Tim,8/10/2023,11:00 AM
DS,Tim,8/10/2023,11:00 AM
DS,Tim,8/10/2023,11:00 AM
DS,Tim,8/10/2023,11:00 AM
DS,Tim,8/10/2023,12:00 PM
DS,Tim,8/10/2023,12:00 PM
DS,Tim,8/10/2023,12:00 PM
DS,Tim,8/10/2023,2:00 PM
DS,Tim,8/10/2023,2:00 PM
DS,Tim,8/10/2023,2:00 PM
DS,Tim,8/10/2023,3:00 PM
DS,Tim,8/10/2023,3:00 PM
DS,Tim,8/10/2023,3:00 PM
DS,Tim,8/10/2023,3:00 PM
DS,Tim,8/10/2023,4:00 PM
DS,Tim,8/10/2023,4:00 PM
DS,Tim,8/10/2023,4:00 PM
DS,Tim,8/10/2023,4:00 PM
DS,Tim,8/10/2023,4:00 PM
DS,Tim,8/10/2023,6:00 PM
DS,Tim,8/10/2023,6:00 PM
DS,Jimmy,8/10/2023,10:00 AM
DS,Jimmy,8/10/2023,10:00 AM
DS,Jimmy,8/10/2023,10:00 AM
DS,Jimmy,8/10/2023,11:00 AM
DS,Jimmy,8/10/2023,11:00 AM
DS,Jimmy,8/10/2023,11:00 AM
DS,Jimmy,8/10/2023,11:00 AM
DS,Jimmy,8/10/2023,2:00 PM
DS,Jimmy,8/10/2023,2:00 PM
DS,Jimmy,8/10/2023,2:00 PM
DS,Jimmy,8/10/2023,3:00 PM
DS,Jimmy,8/10/2023,3:00 PM
DS,Jimmy,8/10/2023,4:00 PM
DS,Jimmy,8/10/2023,4:00 PM
DS,Jimmy,8/10/2023,5:00 PM
DS,Jimmy,8/10/2023,5:00 PM
DS,Jimmy,8/10/2023,5:00 PM
DS,Jimmy,8/10/2023,5:00 PM
DS,Jimmy,8/10/2023,6:00 PM
DS,Jimmy,8/10/2023,6:00 PM
DS,Jimmy,8/10/2023,6:00 PM
DS,Jack,8/11/2023,9:00 AM
DS,Jack,8/11/2023,9:00 AM
DS,Jack,8/11/2023,9:00 AM
DS,Jack,8/11/2023,9:00 AM
DS,Jack,8/11/2023,9:00 AM
DS,Jack,8/11/2023,10:00 AM
DS,Jack,8/11/2023,10:00 AM
DS,Jack,8/11/2023,10:00 AM
DS,Jack,8/11/2023,10:00 AM
DS,Jack,8/11/2023,11:00 AM
DS,Jack,8/11/2023,11:00 AM
DS,Jack,8/11/2023,11:00 AM
DS,Jack,8/11/2023,11:00 AM
DS,Jack,8/11/2023,12:00 PM
DS,Jack,8/11/2023,12:00 PM
DS,Jack,8/11/2023,12:00 PM
DS,Jack,8/11/2023,12:00 PM
DS,Jack,8/11/2023,12:00 PM
DS,Jack,8/11/2023,12:00 PM
DS,Jack,8/11/2023,12:00 PM
DS,Jack,8/11/2023,4:00 PM
DS,Jack,8/11/2023,4:00 PM
DS,Jack,8/11/2023,4:00 PM
DS,Jack,8/11/2023,6:00 PM
DS,Jack,8/11/2023,6:00 PM
DS,Jack,8/11/2023,6:00 PM
DS,Jack,8/11/2023,6:00 PM
DS,Tim,8/11/2023,9:00 AM
DS,Tim,8/11/2023,9:00 AM
DS,Tim,8/11/2023,9:00 AM
DS,Tim,8/11/2023,11:00 AM
DS,Tim,8/11/2023,11:00 AM
DS,Tim,8/11/2023,11:00 AM
DS,Tim,8/11/2023,12:00 PM
DS,Tim,8/11/2023,12:00 PM
DS,Tim,8/11/2023,12:00 PM
DS,Tim,8/11/2023,2:00 PM
DS,Tim,8/11/2023,2:00 PM
DS,Tim,8/11/2023,2:00 PM
DS,Tim,8/11/2023,2:00 PM
DS,Tim,8/11/2023,3:00 PM
DS,Tim,8/11/2023,3:00 PM
DS,Tim,8/11/2023,3:00 PM
DS,Tim,8/11/2023,3:00 PM
DS,Tim,8/11/2023,4:00 PM
DS,Tim,8/11/2023,4:00 PM
DS,Tim,8/11/2023,4:00 PM
DS,Tim,8/11/2023,4:00 PM
DS,Tim,8/11/2023,6:00 PM
DS,Tim,8/11/2023,6:00 PM
DS,Jimmy,8/11/2023,10:00 AM
DS,Jimmy,8/11/2023,10:00 AM
DS,Jimmy,8/11/2023,11:00 AM
DS,Jimmy,8/11/2023,11:00 AM
DS,Jimmy,8/11/2023,11:00 AM
DS,Jimmy,8/11/2023,11:00 AM
DS,Jimmy,8/11/2023,2:00 PM
DS,Jimmy,8/11/2023,2:00 PM
DS,Jimmy,8/11/2023,3:00 PM
DS,Jimmy,8/11/2023,4:00 PM
DS,Jimmy,8/11/2023,4:00 PM
DS,Jimmy,8/11/2023,5:00 PM
DS,Jimmy,8/11/2023,5:00 PM
DS,Jimmy,8/11/2023,6:00 PM
DS,Jimmy,8/11/2023,6:00 PM
DS,Jimmy,8/11/2023,6:00 PM
DS,Jimmy,8/12/2023,10:00 AM
DS,Jimmy,8/12/2023,10:00 AM
DS,Jimmy,8/12/2023,10:00 AM
DS,Jimmy,8/12/2023,10:00 AM
DS,Jimmy,8/12/2023,11:00 AM
DS,Jimmy,8/12/2023,11:00 AM
DS,Jimmy,8/12/2023,11:00 AM
DS,Jimmy,8/12/2023,2:00 PM
DS,Jimmy,8/12/2023,2:00 PM
DS,Jimmy,8/12/2023,2:00 PM
DS,Jimmy,8/12/2023,2:00 PM
DS,Jimmy,8/12/2023,2:00 PM
DS,Jimmy,8/12/2023,3:00 PM
DS,Jimmy,8/12/2023,3:00 PM
DS,Jimmy,8/12/2023,4:00 PM
DS,Jimmy,8/12/2023,4:00 PM
DS,Jimmy,8/12/2023,4:00 PM
DS,Jimmy,8/12/2023,4:00 PM
DS,Jimmy,8/12/2023,5:00 PM
DS,Jimmy,8/12/2023,5:00 PM
DS,Jimmy,8/12/2023,6:00 PM
DS,Jimmy,8/12/2023,6:00 PM
DS,Garry,8/12/2023,10:00 AM
DS,Garry,8/12/2023,10:00 AM
DS,Garry,8/12/2023,10:00 AM
DS,Garry,8/12/2023,10:00 AM
DS,Garry,8/12/2023,10:00 AM
DS,Garry,8/12/2023,11:00 AM
DS,Garry,8/12/2023,11:00 AM
DS,Garry,8/12/2023,11:00 AM
DS,Garry,8/12/2023,11:00 AM
DS,Garry,8/12/2023,2:00 PM
DS,Garry,8/12/2023,2:00 PM
DS,Garry,8/12/2023,2:00 PM
DS,Garry,8/12/2023,2:00 PM
DS,Garry,8/12/2023,4:00 PM
DS,Garry,8/12/2023,4:00 PM
DS,Garry,8/12/2023,4:00 PM
DS,Garry,8/12/2023,6:00 PM
DS,Garry,8/12/2023,6:00 PM
DS,Garry,8/12/2023,6:00 PM
DS,Garry,8/12/2023,6:00 PM
DS,Garry,8/12/2023,6:00 PM
DS,Jimmy,8/13/2023,10:00 AM
DS,Jimmy,8/13/2023,10:00 AM
DS,Jimmy,8/13/2023,11:00 AM
DS,Jimmy,8/13/2023,2:00 PM
DS,Jimmy,8/13/2023,2:00 PM
DS,Jimmy,8/13/2023,2:00 PM
DS,Jimmy,8/13/2023,3:00 PM
DS,Jimmy,8/13/2023,3:00 PM
DS,Jimmy,8/13/2023,4:00 PM
DS,Jimmy,8/13/2023,4:00 PM
DS,Jimmy,8/13/2023,5:00 PM
DS,Jimmy,8/13/2023,5:00 PM
DS,Jimmy,8/13/2023,6:00 PM
DS,Jimmy,8/13/2023,6:00 PM
DS,Jimmy,8/13/2023,6:00 PM
DS,Garry,8/13/2023,10:00 AM
DS,Garry,8/13/2023,10:00 AM
DS,Garry,8/13/2023,10:00 AM
DS,Garry,8/13/2023,10:00 AM
DS,Garry,8/13/2023,11:00 AM
DS,Garry,8/13/2023,11:00 AM
DS,Garry,8/13/2023,11:00 AM
DS,Garry,8/13/2023,11:00 AM
DS,Garry,8/13/2023,11:00 AM
DS,Garry,8/13/2023,2:00 PM
DS,Garry,8/13/2023,2:00 PM
DS,Garry,8/13/2023,2:00 PM
DS,Garry,8/13/2023,2:00 PM
DS,Garry,8/13/2023,2:00 PM
DS,Garry,8/13/2023,2:00 PM
DS,Garry,8/13/2023,4:00 PM
DS,Garry,8/13/2023,4:00 PM
DS,Garry,8/13/2023,4:00 PM
DS,Garry,8/13/2023,6:00 PM
DS,Garry,8/13/2023,6:00 PM
DS,Garry,8/13/2023,6:00 PM
DS,Jack,8/14/2023,9:00 AM
DS,Jack,8/14/2023,9:00 AM
DS,Jack,8/14/2023,9:00 AM
DS,Jack,8/14/2023,9:00 AM
DS,Jack,8/14/2023,10:00 AM
DS,Jack,8/14/2023,10:00 AM
DS,Jack,8/14/2023,10:00 AM
DS,Jack,8/14/2023,10:00 AM
DS,Jack,8/14/2023,10:00 AM
DS,Jack,8/14/2023,11:00 AM
DS,Jack,8/14/2023,11:00 AM
DS,Jack,8/14/2023,11:00 AM
DS,Jack,8/14/2023,11:00 AM
DS,Jack,8/14/2023,12:00 PM
DS,Jack,8/14/2023,12:00 PM
DS,Jack,8/14/2023,12:00 PM
DS,Jack,8/14/2023,12:00 PM
DS,Jack,8/14/2023,12:00 PM
DS,Jack,8/14/2023,12:00 PM
DS,Jack,8/14/2023,4:00 PM
DS,Jack,8/14/2023,4:00 PM
DS,Jack,8/14/2023,4:00 PM
DS,Jack,8/14/2023,6:00 PM
DS,Jack,8/14/2023,6:00 PM
DS,Jack,8/14/2023,6:00 PM
DS,Jack,8/14/2023,6:00 PM
DS,Jack,8/14/2023,6:00 PM
DS,Jack,8/14/2023,6:00 PM
DS,Tim,8/14/2023,9:00 AM
DS,Tim,8/14/2023,9:00 AM
DS,Tim,8/14/2023,9:00 AM
DS,Tim,8/14/2023,9:00 AM
DS,Tim,8/14/2023,11:00 AM
DS,Tim,8/14/2023,11:00 AM
DS,Tim,8/14/2023,11:00 AM
DS,Tim,8/14/2023,11:00 AM
DS,Tim,8/14/2023,11:00 AM
DS,Tim,8/14/2023,12:00 PM
DS,Tim,8/14/2023,12:00 PM
DS,Tim,8/14/2023,2:00 PM
DS,Tim,8/14/2023,2:00 PM
DS,Tim,8/14/2023,2:00 PM
DS,Tim,8/14/2023,2:00 PM
DS,Tim,8/14/2023,3:00 PM
DS,Tim,8/14/2023,3:00 PM
DS,Tim,8/14/2023,3:00 PM
DS,Tim,8/14/2023,4:00 PM
DS,Tim,8/14/2023,4:00 PM
DS,Tim,8/14/2023,4:00 PM
DS,Tim,8/14/2023,4:00 PM
DS,Tim,8/14/2023,6:00 PM
DS,Tim,8/14/2023,6:00 PM
DS,Tim,8/14/2023,6:00 PM
DS,Tim,8/14/2023,6:00 PM
DS,Tim,8/14/2023,6:00 PM
DS,Jimmy,8/14/2023,10:00 AM
DS,Jimmy,8/14/2023,11:00 AM
DS,Jimmy,8/14/2023,11:00 AM
DS,Jimmy,8/14/2023,11:00 AM
DS,Jimmy,8/14/2023,2:00 PM
DS,Jimmy,8/14/2023,2:00 PM
DS,Jimmy,8/14/2023,2:00 PM
DS,Jimmy,8/14/2023,3:00 PM
DS,Jimmy,8/14/2023,3:00 PM
DS,Jimmy,8/14/2023,3:00 PM
DS,Jimmy,8/14/2023,3:00 PM
DS,Jimmy,8/14/2023,4:00 PM
DS,Jimmy,8/14/2023,4:00 PM
DS,Jimmy,8/14/2023,5:00 PM
DS,Jimmy,8/14/2023,6:00 PM
DS,Garry,8/14/2023,10:00 AM
DS,Garry,8/14/2023,10:00 AM
DS,Garry,8/14/2023,10:00 AM
DS,Garry,8/14/2023,11:00 AM
DS,Garry,8/14/2023,11:00 AM
DS,Garry,8/14/2023,11:00 AM
DS,Garry,8/14/2023,2:00 PM
DS,Garry,8/14/2023,2:00 PM
DS,Garry,8/14/2023,2:00 PM
DS,Garry,8/14/2023,2:00 PM
DS,Garry,8/14/2023,4:00 PM
DS,Garry,8/14/2023,4:00 PM
DS,Garry,8/14/2023,4:00 PM
DS,Garry,8/14/2023,4:00 PM
DS,Garry,8/14/2023,6:00 PM
DS,Garry,8/14/2023,6:00 PM
DS,Garry,8/14/2023,6:00 PM
DS,Garry,8/14/2023,6:00 PM
DS,Garry,8/14/2023,6:00 PM
DS,Jack,8/15/2023,9:00 AM
DS,Jack,8/15/2023,9:00 AM
DS,Jack,8/15/2023,9:00 AM
DS,Jack,8/15/2023,9:00 AM
DS,Jack,8/15/2023,10:00 AM
DS,Jack,8/15/2023,10:00 AM
DS,Jack,8/15/2023,10:00 AM
DS,Jack,8/15/2023,10:00 AM
DS,Jack,8/15/2023,11:00 AM
DS,Jack,8/15/2023,11:00 AM
DS,Jack,8/15/2023,11:00 AM
DS,Jack,8/15/2023,11:00 AM
DS,Jack,8/15/2023,11:00 AM
DS,Jack,8/15/2023,11:00 AM
DS,Jack,8/15/2023,12:00 PM
DS,Jack,8/15/2023,12:00 PM
DS,Jack,8/15/2023,12:00 PM
DS,Jack,8/15/2023,12:00 PM
DS,Jack,8/15/2023,12:00 PM
DS,Jack,8/15/2023,4:00 PM
DS,Jack,8/15/2023,4:00 PM
DS,Jack,8/15/2023,4:00 PM
DS,Jack,8/15/2023,4:00 PM
DS,Jack,8/15/2023,4:00 PM
DS,Jack,8/15/2023,4:00 PM
DS,Jack,8/15/2023,6:00 PM
DS,Jack,8/15/2023,6:00 PM
DS,Jack,8/15/2023,6:00 PM
DS,Tim,8/15/2023,9:00 AM
DS,Tim,8/15/2023,9:00 AM
DS,Tim,8/15/2023,9:00 AM
DS,Tim,8/15/2023,9:00 AM
DS,Tim,8/15/2023,11:00 AM
DS,Tim,8/15/2023,11:00 AM
DS,Tim,8/15/2023,12:00 PM
DS,Tim,8/15/2023,12:00 PM
DS,Tim,8/15/2023,12:00 PM
DS,Tim,8/15/2023,12:00 PM
DS,Tim,8/15/2023,12:00 PM
DS,Tim,8/15/2023,2:00 PM
DS,Tim,8/15/2023,2:00 PM
DS,Tim,8/15/2023,2:00 PM
DS,Tim,8/15/2023,2:00 PM
DS,Tim,8/15/2023,3:00 PM
DS,Tim,8/15/2023,3:00 PM
DS,Tim,8/15/2023,3:00 PM
DS,Tim,8/15/2023,3:00 PM
DS,Tim,8/15/2023,3:00 PM
DS,Tim,8/15/2023,4:00 PM
DS,Tim,8/15/2023,4:00 PM
DS,Tim,8/15/2023,4:00 PM
DS,Tim,8/15/2023,6:00 PM
DS,Tim,8/15/2023,6:00 PM
DS,Garry,8/15/2023,10:00 AM
DS,Garry,8/15/2023,10:00 AM
DS,Garry,8/15/2023,10:00 AM
DS,Garry,8/15/2023,10:00 AM
DS,Garry,8/15/2023,10:00 AM
DS,Garry,8/15/2023,11:00 AM
DS,Garry,8/15/2023,11:00 AM
DS,Garry,8/15/2023,11:00 AM
DS,Garry,8/15/2023,11:00 AM
DS,Garry,8/15/2023,2:00 PM
DS,Garry,8/15/2023,2:00 PM
DS,Garry,8/15/2023,4:00 PM
DS,Garry,8/15/2023,4:00 PM
DS,Garry,8/15/2023,4:00 PM
DS,Garry,8/15/2023,4:00 PM
DS,Garry,8/15/2023,6:00 PM
DS,Garry,8/15/2023,6:00 PM
DS,Garry,8/15/2023,6:00 PM
DS,Garry,8/15/2023,6:00 PM
DS,Jack,8/16/2023,9:00 AM
DS,Jack,8/16/2023,9:00 AM
DS,Jack,8/16/2023,9:00 AM
DS,Jack,8/16/2023,10:00 AM
DS,Jack,8/16/2023,10:00 AM
DS,Jack,8/16/2023,10:00 AM
DS,Jack,8/16/2023,10:00 AM
DS,Jack,8/16/2023,11:00 AM
DS,Jack,8/16/2023,11:00 AM
DS,Jack,8/16/2023,11:00 AM
DS,Jack,8/16/2023,11:00 AM
DS,Jack,8/16/2023,12:00 PM
DS,Jack,8/16/2023,12:00 PM
DS,Jack,8/16/2023,12:00 PM
DS,Jack,8/16/2023,12:00 PM
DS,Jack,8/16/2023,4:00 PM
DS,Jack,8/16/2023,4:00 PM
DS,Jack,8/16/2023,4:00 PM
DS,Jack,8/16/2023,4:00 PM
DS,Jack,8/16/2023,6:00 PM
DS,Jack,8/16/2023,6:00 PM
DS,Jack,8/16/2023,6:00 PM
DS,Tim,8/16/2023,9:00 AM
DS,Tim,8/16/2023,9:00 AM
DS,Tim,8/16/2023,9:00 AM
DS,Tim,8/16/2023,9:00 AM
DS,Tim,8/16/2023,11:00 AM
DS,Tim,8/16/2023,11:00 AM
DS,Tim,8/16/2023,11:00 AM
DS,Tim,8/16/2023,11:00 AM
DS,Tim,8/16/2023,11:00 AM
DS,Tim,8/16/2023,12:00 PM
DS,Tim,8/16/2023,12:00 PM
DS,Tim,8/16/2023,12:00 PM
DS,Tim,8/16/2023,12:00 PM
DS,Tim,8/16/2023,2:00 PM
DS,Tim,8/16/2023,2:00 PM
DS,Tim,8/16/2023,2:00 PM
DS,Tim,8/16/2023,2:00 PM
DS,Tim,8/16/2023,3:00 PM
DS,Tim,8/16/2023,3:00 PM
DS,Tim,8/16/2023,3:00 PM
DS,Tim,8/16/2023,4:00 PM
DS,Tim,8/16/2023,4:00 PM
DS,Tim,8/16/2023,4:00 PM
DS,Tim,8/16/2023,6:00 PM
DS,Tim,8/16/2023,6:00 PM
DS,Tim,8/16/2023,6:00 PM
DS,Tim,8/16/2023,6:00 PM
DS,Garry,8/16/2023,10:00 AM
DS,Garry,8/16/2023,10:00 AM
DS,Garry,8/16/2023,10:00 AM
DS,Garry,8/16/2023,10:00 AM
DS,Garry,8/16/2023,10:00 AM
DS,Garry,8/16/2023,10:00 AM
DS,Garry,8/16/2023,11:00 AM
DS,Garry,8/16/2023,11:00 AM
DS,Garry,8/16/2023,11:00 AM
DS,Garry,8/16/2023,2:00 PM
DS,Garry,8/16/2023,2:00 PM
DS,Garry,8/16/2023,2:00 PM
DS,Garry,8/16/2023,4:00 PM
DS,Garry,8/16/2023,4:00 PM
DS,Garry,8/16/2023,4:00 PM
DS,Garry,8/16/2023,6:00 PM
DS,Garry,8/16/2023,6:00 PM
DS,Garry,8/16/2023,6:00 PM
DS,Jack,8/17/2023,9:00 AM
DS,Jack,8/17/2023,9:00 AM
DS,Jack,8/17/2023,9:00 AM
DS,Jack,8/17/2023,9:00 AM
DS,Jack,8/17/2023,9:00 AM
DS,Jack,8/17/2023,10:00 AM
DS,Jack,8/17/2023,10:00 AM
DS,Jack,8/17/2023,10:00 AM
DS,Jack,8/17/2023,11:00 AM
DS,Jack,8/17/2023,11:00 AM
DS,Jack,8/17/2023,11:00 AM
DS,Jack,8/17/2023,12:00 PM
DS,Jack,8/17/2023,12:00 PM
DS,Jack,8/17/2023,12:00 PM
DS,Jack,8/17/2023,12:00 PM
DS,Jack,8/17/2023,4:00 PM
DS,Jack,8/17/2023,4:00 PM
DS,Jack,8/17/2023,4:00 PM
DS,Jack,8/17/2023,4:00 PM
DS,Jack,8/17/2023,4:00 PM
DS,Jack,8/17/2023,4:00 PM
DS,Jack,8/17/2023,4:00 PM
DS,Jack,8/17/2023,6:00 PM
DS,Jack,8/17/2023,6:00 PM
DS,Jack,8/17/2023,6:00 PM
DS,Jack,8/17/2023,6:00 PM
DS,Jack,8/17/2023,6:00 PM
DS,Tim,8/17/2023,9:00 AM
DS,Tim,8/17/2023,9:00 AM
DS,Tim,8/17/2023,11:00 AM
DS,Tim,8/17/2023,11:00 AM
DS,Tim,8/17/2023,11:00 AM
DS,Tim,8/17/2023,12:00 PM
DS,Tim,8/17/2023,12:00 PM
DS,Tim,8/17/2023,12:00 PM
DS,Tim,8/17/2023,12:00 PM
DS,Tim,8/17/2023,2:00 PM
DS,Tim,8/17/2023,2:00 PM
DS,Tim,8/17/2023,2:00 PM
DS,Tim,8/17/2023,2:00 PM
DS,Tim,8/17/2023,3:00 PM
DS,Tim,8/17/2023,3:00 PM
DS,Tim,8/17/2023,3:00 PM
DS,Tim,8/17/2023,4:00 PM
DS,Tim,8/17/2023,4:00 PM
DS,Tim,8/17/2023,4:00 PM
DS,Tim,8/17/2023,4:00 PM
DS,Tim,8/17/2023,6:00 PM
DS,Tim,8/17/2023,6:00 PM
DS,Tim,8/17/2023,6:00 PM
DS,Jimmy,8/17/2023,10:00 AM
DS,Jimmy,8/17/2023,10:00 AM
DS,Jimmy,8/17/2023,10:00 AM
DS,Jimmy,8/17/2023,10:00 AM
DS,Jimmy,8/17/2023,11:00 AM
DS,Jimmy,8/17/2023,11:00 AM
DS,Jimmy,8/17/2023,11:00 AM
DS,Jimmy,8/17/2023,11:00 AM
DS,Jimmy,8/17/2023,2:00 PM
DS,Jimmy,8/17/2023,2:00 PM
DS,Jimmy,8/17/2023,2:00 PM
DS,Jimmy,8/17/2023,2:00 PM
DS,Jimmy,8/17/2023,3:00 PM
DS,Jimmy,8/17/2023,3:00 PM
DS,Jimmy,8/17/2023,4:00 PM
DS,Jimmy,8/17/2023,4:00 PM
DS,Jimmy,8/17/2023,4:00 PM
DS,Jimmy,8/17/2023,5:00 PM
DS,Jimmy,8/17/2023,5:00 PM
DS,Jimmy,8/17/2023,5:00 PM
DS,Jimmy,8/17/2023,6:00 PM
DS,Jimmy,8/17/2023,6:00 PM
DS,Jimmy,8/17/2023,6:00 PM
DS,Jack,8/18/2023,9:00 AM
DS,Jack,8/18/2023,9:00 AM
DS,Jack,8/18/2023,9:00 AM
DS,Jack,8/18/2023,9:00 AM
DS,Jack,8/18/2023,9:00 AM
DS,Jack,8/18/2023,10:00 AM
DS,Jack,8/18/2023,10:00 AM
DS,Jack,8/18/2023,10:00 AM
DS,Jack,8/18/2023,10:00 AM
DS,Jack,8/18/2023,10:00 AM
DS,Jack,8/18/2023,10:00 AM
DS,Jack,8/18/2023,10:00 AM
DS,Jack,8/18/2023,11:00 AM
DS,Jack,8/18/2023,11:00 AM
DS,Jack,8/18/2023,11:00 AM
DS,Jack,8/18/2023,12:00 PM
DS,Jack,8/18/2023,12:00 PM
DS,Jack,8/18/2023,12:00 PM
DS,Jack,8/18/2023,4:00 PM
DS,Jack,8/18/2023,4:00 PM
DS,Jack,8/18/2023,4:00 PM
DS,Jack,8/18/2023,4:00 PM
DS,Jack,8/18/2023,6:00 PM
DS,Jack,8/18/2023,6:00 PM
DS,Jack,8/18/2023,6:00 PM
DS,Jack,8/18/2023,6:00 PM
DS,Jack,8/18/2023,6:00 PM
DS,Jack,8/18/2023,6:00 PM
DS,Tim,8/18/2023,9:00 AM
DS,Tim,8/18/2023,9:00 AM
DS,Tim,8/18/2023,9:00 AM
DS,Tim,8/18/2023,11:00 AM
DS,Tim,8/18/2023,11:00 AM
DS,Tim,8/18/2023,11:00 AM
DS,Tim,8/18/2023,11:00 AM
DS,Tim,8/18/2023,11:00 AM
DS,Tim,8/18/2023,12:00 PM
DS,Tim,8/18/2023,12:00 PM
DS,Tim,8/18/2023,2:00 PM
DS,Tim,8/18/2023,2:00 PM
DS,Tim,8/18/2023,2:00 PM
DS,Tim,8/18/2023,2:00 PM
DS,Tim,8/18/2023,2:00 PM
DS,Tim,8/18/2023,3:00 PM
DS,Tim,8/18/2023,3:00 PM
DS,Tim,8/18/2023,3:00 PM
DS,Tim,8/18/2023,4:00 PM
DS,Tim,8/18/2023,4:00 PM
DS,Tim,8/18/2023,4:00 PM
DS,Tim,8/18/2023,4:00 PM
DS,Tim,8/18/2023,6:00 PM
DS,Tim,8/18/2023,6:00 PM
DS,Tim,8/18/2023,6:00 PM
DS,Tim,8/18/2023,6:00 PM
DS,Jimmy,8/18/2023,10:00 AM
DS,Jimmy,8/18/2023,11:00 AM
DS,Jimmy,8/18/2023,11:00 AM
DS,Jimmy,8/18/2023,11:00 AM
DS,Jimmy,8/18/2023,2:00 PM
DS,Jimmy,8/18/2023,2:00 PM
DS,Jimmy,8/18/2023,3:00 PM
DS,Jimmy,8/18/2023,3:00 PM
DS,Jimmy,8/18/2023,4:00 PM
DS,Jimmy,8/18/2023,4:00 PM
DS,Jimmy,8/18/2023,5:00 PM
DS,Jimmy,8/18/2023,5:00 PM
DS,Jimmy,8/18/2023,6:00 PM
DS,Jimmy,8/18/2023,6:00 PM
DS,Jimmy,8/18/2023,6:00 PM
DS,Jimmy,8/19/2023,10:00 AM
DS,Jimmy,8/19/2023,10:00 AM
DS,Jimmy,8/19/2023,11:00 AM
DS,Jimmy,8/19/2023,2:00 PM
DS,Jimmy,8/19/2023,2:00 PM
DS,Jimmy,8/19/2023,2:00 PM
DS,Jimmy,8/19/2023,2:00 PM
DS,Jimmy,8/19/2023,2:00 PM
DS,Jimmy,8/19/2023,3:00 PM
DS,Jimmy,8/19/2023,3:00 PM
DS,Jimmy,8/19/2023,3:00 PM
DS,Jimmy,8/19/2023,4:00 PM
DS,Jimmy,8/19/2023,5:00 PM
DS,Jimmy,8/19/2023,6:00 PM
DS,Jimmy,8/19/2023,6:00 PM
DS,Jimmy,8/19/2023,6:00 PM
DS,Garry,8/19/2023,10:00 AM
DS,Garry,8/19/2023,10:00 AM
DS,Garry,8/19/2023,10:00 AM
DS,Garry,8/19/2023,11:00 AM
DS,Garry,8/19/2023,11:00 AM
DS,Garry,8/19/2023,11:00 AM
DS,Garry,8/19/2023,11:00 AM
DS,Garry,8/19/2023,11:00 AM
DS,Garry,8/19/2023,2:00 PM
DS,Garry,8/19/2023,2:00 PM
DS,Garry,8/19/2023,4:00 PM
DS,Garry,8/19/2023,4:00 PM
DS,Garry,8/19/2023,4:00 PM
DS,Garry,8/19/2023,6:00 PM
DS,Garry,8/19/2023,6:00 PM
DS,Garry,8/19/2023,6:00 PM
DS,Jimmy,8/20/2023,10:00 AM
DS,Jimmy,8/20/2023,10:00 AM
DS,Jimmy,8/20/2023,10:00 AM
DS,Jimmy,8/20/2023,10:00 AM
DS,Jimmy,8/20/2023,10:00 AM
DS,Jimmy,8/20/2023,11:00 AM
DS,Jimmy,8/20/2023,11:00 AM
DS,Jimmy,8/20/2023,11:00 AM
DS,Jimmy,8/20/2023,2:00 PM
DS,Jimmy,8/20/2023,2:00 PM
DS,Jimmy,8/20/2023,2:00 PM
DS,Jimmy,8/20/2023,3:00 PM
DS,Jimmy,8/20/2023,3:00 PM
DS,Jimmy,8/20/2023,4:00 PM
DS,Jimmy,8/20/2023,4:00 PM
DS,Jimmy,8/20/2023,4:00 PM
DS,Jimmy,8/20/2023,5:00 PM
DS,Jimmy,8/20/2023,5:00 PM
DS,Jimmy,8/20/2023,6:00 PM
DS,Jimmy,8/20/2023,6:00 PM
DS,Jimmy,8/20/2023,6:00 PM
DS,Garry,8/20/2023,10:00 AM
DS,Garry,8/20/2023,10:00 AM
DS,Garry,8/20/2023,10:00 AM
DS,Garry,8/20/2023,10:00 AM
DS,Garry,8/20/2023,11:00 AM
DS,Garry,8/20/2023,11:00 AM
DS,Garry,8/20/2023,11:00 AM
DS,Garry,8/20/2023,11:00 AM
DS,Garry,8/20/2023,11:00 AM
DS,Garry,8/20/2023,11:00 AM
DS,Garry,8/20/2023,2:00 PM
DS,Garry,8/20/2023,2:00 PM
DS,Garry,8/20/2023,2:00 PM
DS,Garry,8/20/2023,2:00 PM
DS,Garry,8/20/2023,4:00 PM
DS,Garry,8/20/2023,4:00 PM
DS,Garry,8/20/2023,6:00 PM
DS,Garry,8/20/2023,6:00 PM
DS,Garry,8/20/2023,6:00 PM
DS,Jack,8/21/2023,9:00 AM
DS,Jack,8/21/2023,9:00 AM
DS,Jack,8/21/2023,9:00 AM
DS,Jack,8/21/2023,10:00 AM
DS,Jack,8/21/2023,10:00 AM
DS,Jack,8/21/2023,10:00 AM
DS,Jack,8/21/2023,10:00 AM
DS,Jack,8/21/2023,10:00 AM
DS,Jack,8/21/2023,10:00 AM
DS,Jack,8/21/2023,11:00 AM
DS,Jack,8/21/2023,11:00 AM
DS,Jack,8/21/2023,11:00 AM
DS,Jack,8/21/2023,11:00 AM
DS,Jack,8/21/2023,11:00 AM
DS,Jack,8/21/2023,11:00 AM
DS,Jack,8/21/2023,11:00 AM
DS,Jack,8/21/2023,12:00 PM
DS,Jack,8/21/2023,12:00 PM
DS,Jack,8/21/2023,12:00 PM
DS,Jack,8/21/2023,12:00 PM
DS,Jack,8/21/2023,4:00 PM
DS,Jack,8/21/2023,4:00 PM
DS,Jack,8/21/2023,4:00 PM
DS,Jack,8/21/2023,4:00 PM
DS,Jack,8/21/2023,4:00 PM
DS,Jack,8/21/2023,6:00 PM
DS,Jack,8/21/2023,6:00 PM
DS,Jack,8/21/2023,6:00 PM
DS,Jack,8/21/2023,6:00 PM
DS,Jack,8/21/2023,6:00 PM
DS,Tim,8/21/2023,9:00 AM
DS,Tim,8/21/2023,9:00 AM
DS,Tim,8/21/2023,9:00 AM
DS,Tim,8/21/2023,9:00 AM
DS,Tim,8/21/2023,9:00 AM
DS,Tim,8/21/2023,11:00 AM
DS,Tim,8/21/2023,11:00 AM
DS,Tim,8/21/2023,11:00 AM
DS,Tim,8/21/2023,11:00 AM
DS,Tim,8/21/2023,11:00 AM
DS,Tim,8/21/2023,12:00 PM
DS,Tim,8/21/2023,12:00 PM
DS,Tim,8/21/2023,12:00 PM
DS,Tim,8/21/2023,12:00 PM
DS,Tim,8/21/2023,2:00 PM
DS,Tim,8/21/2023,2:00 PM
DS,Tim,8/21/2023,2:00 PM
DS,Tim,8/21/2023,3:00 PM
DS,Tim,8/21/2023,3:00 PM
DS,Tim,8/21/2023,3:00 PM
DS,Tim,8/21/2023,3:00 PM
DS,Tim,8/21/2023,4:00 PM
DS,Tim,8/21/2023,4:00 PM
DS,Tim,8/21/2023,4:00 PM
DS,Tim,8/21/2023,4:00 PM
DS,Tim,8/21/2023,6:00 PM
DS,Tim,8/21/2023,6:00 PM
DS,Tim,8/21/2023,6:00 PM
DS,Jimmy,8/21/2023,10:00 AM
DS,Jimmy,8/21/2023,10:00 AM
DS,Jimmy,8/21/2023,10:00 AM
DS,Jimmy,8/21/2023,11:00 AM
DS,Jimmy,8/21/2023,11:00 AM
DS,Jimmy,8/21/2023,2:00 PM
DS,Jimmy,8/21/2023,2:00 PM
DS,Jimmy,8/21/2023,2:00 PM
DS,Jimmy,8/21/2023,3:00 PM
DS,Jimmy,8/21/2023,4:00 PM
DS,Jimmy,8/21/2023,4:00 PM
DS,Jimmy,8/21/2023,4:00 PM
DS,Jimmy,8/21/2023,5:00 PM
DS,Jimmy,8/21/2023,5:00 PM
DS,Jimmy,8/21/2023,6:00 PM
DS,Jimmy,8/21/2023,6:00 PM
DS,Garry,8/21/2023,10:00 AM
DS,Garry,8/21/2023,10:00 AM
DS,Garry,8/21/2023,11:00 AM
DS,Garry,8/21/2023,11:00 AM
DS,Garry,8/21/2023,11:00 AM
DS,Garry,8/21/2023,2:00 PM
DS,Garry,8/21/2023,2:00 PM
DS,Garry,8/21/2023,2:00 PM
DS,Garry,8/21/2023,4:00 PM
DS,Garry,8/21/2023,4:00 PM
DS,Garry,8/21/2023,4:00 PM
DS,Garry,8/21/2023,6:00 PM
DS,Garry,8/21/2023,6:00 PM
DS,Jack,8/22/2023,9:00 AM
DS,Jack,8/22/2023,9:00 AM
DS,Jack,8/22/2023,9:00 AM
DS,Jack,8/22/2023,9:00 AM
DS,Jack,8/22/2023,9:00 AM
DS,Jack,8/22/2023,9:00 AM
DS,Jack,8/22/2023,9:00 AM
DS,Jack,8/22/2023,10:00 AM
DS,Jack,8/22/2023,10:00 AM
DS,Jack,8/22/2023,10:00 AM
DS,Jack,8/22/2023,10:00 AM
DS,Jack,8/22/2023,10:00 AM
DS,Jack,8/22/2023,10:00 AM
DS,Jack,8/22/2023,11:00 AM
DS,Jack,8/22/2023,11:00 AM
DS,Jack,8/22/2023,11:00 AM
DS,Jack,8/22/2023,11:00 AM
DS,Jack,8/22/2023,11:00 AM
DS,Jack,8/22/2023,12:00 PM
DS,Jack,8/22/2023,12:00 PM
DS,Jack,8/22/2023,12:00 PM
DS,Jack,8/22/2023,12:00 PM
DS,Jack,8/22/2023,12:00 PM
DS,Jack,8/22/2023,4:00 PM
DS,Jack,8/22/2023,4:00 PM
DS,Jack,8/22/2023,4:00 PM
DS,Jack,8/22/2023,4:00 PM
DS,Jack,8/22/2023,4:00 PM
DS,Jack,8/22/2023,4:00 PM
DS,Jack,8/22/2023,4:00 PM
DS,Jack,8/22/2023,6:00 PM
DS,Jack,8/22/2023,6:00 PM
DS,Jack,8/22/2023,6:00 PM
DS,Jack,8/22/2023,6:00 PM
DS,Tim,8/22/2023,9:00 AM
DS,Tim,8/22/2023,9:00 AM
DS,Tim,8/22/2023,9:00 AM
DS,Tim,8/22/2023,11:00 AM
DS,Tim,8/22/2023,11:00 AM
DS,Tim,8/22/2023,11:00 AM
DS,Tim,8/22/2023,11:00 AM
DS,Tim,8/22/2023,12:00 PM
DS,Tim,8/22/2023,12:00 PM
DS,Tim,8/22/2023,12:00 PM
DS,Tim,8/22/2023,2:00 PM
DS,Tim,8/22/2023,2:00 PM
DS,Tim,8/22/2023,2:00 PM
DS,Tim,8/22/2023,2:00 PM
DS,Tim,8/22/2023,3:00 PM
DS,Tim,8/22/2023,3:00 PM
DS,Tim,8/22/2023,3:00 PM
DS,Tim,8/22/2023,4:00 PM
DS,Tim,8/22/2023,4:00 PM
DS,Tim,8/22/2023,4:00 PM
DS,Tim,8/22/2023,6:00 PM
DS,Tim,8/22/2023,6:00 PM
DS,Tim,8/22/2023,6:00 PM
DS,Tim,8/22/2023,6:00 PM
DS,Garry,8/22/2023,10:00 AM
DS,Garry,8/22/2023,10:00 AM
DS,Garry,8/22/2023,10:00 AM
DS,Garry,8/22/2023,10:00 AM
DS,Garry,8/22/2023,10:00 AM
DS,Garry,8/22/2023,11:00 AM
DS,Garry,8/22/2023,11:00 AM
DS,Garry,8/22/2023,11:00 AM
DS,Garry,8/22/2023,2:00 PM
DS,Garry,8/22/2023,2:00 PM
DS,Garry,8/22/2023,4:00 PM
DS,Garry,8/22/2023,4:00 PM
DS,Garry,8/22/2023,4:00 PM
DS,Garry,8/22/2023,4:00 PM
DS,Garry,8/22/2023,4:00 PM
DS,Garry,8/22/2023,4:00 PM
DS,Garry,8/22/2023,6:00 PM
DS,Garry,8/22/2023,6:00 PM
DS,Garry,8/22/2023,6:00 PM
DS,Garry,8/22/2023,6:00 PM
DS,Jack,8/23/2023,9:00 AM
DS,Jack,8/23/2023,9:00 AM
DS,Jack,8/23/2023,9:00 AM
DS,Jack,8/23/2023,9:00 AM
DS,Jack,8/23/2023,10:00 AM
DS,Jack,8/23/2023,10:00 AM
DS,Jack,8/23/2023,10:00 AM
DS,Jack,8/23/2023,10:00 AM
DS,Jack,8/23/2023,11:00 AM
DS,Jack,8/23/2023,11:00 AM
DS,Jack,8/23/2023,11:00 AM
DS,Jack,8/23/2023,11:00 AM
DS,Jack,8/23/2023,12:00 PM
DS,Jack,8/23/2023,12:00 PM
DS,Jack,8/23/2023,12:00 PM
DS,Jack,8/23/2023,12:00 PM
DS,Jack,8/23/2023,12:00 PM
DS,Jack,8/23/2023,4:00 PM
DS,Jack,8/23/2023,4:00 PM
DS,Jack,8/23/2023,4:00 PM
DS,Jack,8/23/2023,4:00 PM
DS,Jack,8/23/2023,6:00 PM
DS,Jack,8/23/2023,6:00 PM
DS,Jack,8/23/2023,6:00 PM
DS,Jack,8/23/2023,6:00 PM
DS,Tim,8/23/2023,9:00 AM
DS,Tim,8/23/2023,9:00 AM
DS,Tim,8/23/2023,9:00 AM
DS,Tim,8/23/2023,9:00 AM
DS,Tim,8/23/2023,11:00 AM
DS,Tim,8/23/2023,11:00 AM
DS,Tim,8/23/2023,12:00 PM
DS,Tim,8/23/2023,12:00 PM
DS,Tim,8/23/2023,12:00 PM
DS,Tim,8/23/2023,12:00 PM
DS,Tim,8/23/2023,12:00 PM
DS,Tim,8/23/2023,2:00 PM
DS,Tim,8/23/2023,2:00 PM
DS,Tim,8/23/2023,2:00 PM
DS,Tim,8/23/2023,3:00 PM
DS,Tim,8/23/2023,3:00 PM
DS,Tim,8/23/2023,3:00 PM
DS,Tim,8/23/2023,4:00 PM
DS,Tim,8/23/2023,4:00 PM
DS,Tim,8/23/2023,4:00 PM
DS,Tim,8/23/2023,4:00 PM
DS,Tim,8/23/2023,4:00 PM
DS,Tim,8/23/2023,4:00 PM
DS,Tim,8/23/2023,6:00 PM
DS,Tim,8/23/2023,6:00 PM
DS,Tim,8/23/2023,6:00 PM
DS,Garry,8/23/2023,10:00 AM
DS,Garry,8/23/2023,10:00 AM
DS,Garry,8/23/2023,10:00 AM
DS,Garry,8/23/2023,10:00 AM
DS,Garry,8/23/2023,11:00 AM
DS,Garry,8/23/2023,11:00 AM
DS,Garry,8/23/2023,11:00 AM
DS,Garry,8/23/2023,11:00 AM
DS,Garry,8/23/2023,11:00 AM
DS,Garry,8/23/2023,2:00 PM
DS,Garry,8/23/2023,2:00 PM
DS,Garry,8/23/2023,4:00 PM
DS,Garry,8/23/2023,4:00 PM
DS,Garry,8/23/2023,4:00 PM
DS,Garry,8/23/2023,6:00 PM
DS,Garry,8/23/2023,6:00 PM
DS,Jack,8/24/2023,9:00 AM
DS,Jack,8/24/2023,9:00 AM
DS,Jack,8/24/2023,9:00 AM
DS,Jack,8/24/2023,9:00 AM
DS,Jack,8/24/2023,9:00 AM
DS,Jack,8/24/2023,10:00 AM
DS,Jack,8/24/2023,10:00 AM
DS,Jack,8/24/2023,10:00 AM
DS,Jack,8/24/2023,10:00 AM
DS,Jack,8/24/2023,11:00 AM
DS,Jack,8/24/2023,11:00 AM
DS,Jack,8/24/2023,11:00 AM
DS,Jack,8/24/2023,12:00 PM
DS,Jack,8/24/2023,12:00 PM
DS,Jack,8/24/2023,12:00 PM
DS,Jack,8/24/2023,12:00 PM
DS,Jack,8/24/2023,12:00 PM
DS,Jack,8/24/2023,4:00 PM
DS,Jack,8/24/2023,4:00 PM
DS,Jack,8/24/2023,4:00 PM
DS,Jack,8/24/2023,4:00 PM
DS,Jack,8/24/2023,4:00 PM
DS,Jack,8/24/2023,6:00 PM
DS,Jack,8/24/2023,6:00 PM
DS,Jack,8/24/2023,6:00 PM
DS,Jack,8/24/2023,6:00 PM
DS,Jack,8/24/2023,6:00 PM
DS,Tim,8/24/2023,9:00 AM
DS,Tim,8/24/2023,9:00 AM
DS,Tim,8/24/2023,9:00 AM
DS,Tim,8/24/2023,9:00 AM
DS,Tim,8/24/2023,11:00 AM
DS,Tim,8/24/2023,11:00 AM
DS,Tim,8/24/2023,11:00 AM
DS,Tim,8/24/2023,12:00 PM
DS,Tim,8/24/2023,12:00 PM
DS,Tim,8/24/2023,12:00 PM
DS,Tim,8/24/2023,12:00 PM
DS,Tim,8/24/2023,2:00 PM
DS,Tim,8/24/2023,2:00 PM
DS,Tim,8/24/2023,3:00 PM
DS,Tim,8/24/2023,3:00 PM
DS,Tim,8/24/2023,3:00 PM
DS,Tim,8/24/2023,4:00 PM
DS,Tim,8/24/2023,4:00 PM
DS,Tim,8/24/2023,4:00 PM
DS,Tim,8/24/2023,4:00 PM
DS,Tim,8/24/2023,6:00 PM
DS,Tim,8/24/2023,6:00 PM
DS,Tim,8/24/2023,6:00 PM
DS,Tim,8/24/2023,6:00 PM
DS,Tim,8/24/2023,6:00 PM
DS,Tim,8/24/2023,6:00 PM
DS,Jimmy,8/24/2023,10:00 AM
DS,Jimmy,8/24/2023,10:00 AM
DS,Jimmy,8/24/2023,10:00 AM
DS,Jimmy,8/24/2023,10:00 AM
DS,Jimmy,8/24/2023,11:00 AM
DS,Jimmy,8/24/2023,11:00 AM
DS,Jimmy,8/24/2023,2:00 PM
DS,Jimmy,8/24/2023,2:00 PM
DS,Jimmy,8/24/2023,2:00 PM
DS,Jimmy,8/24/2023,3:00 PM
DS,Jimmy,8/24/2023,4:00 PM
DS,Jimmy,8/24/2023,4:00 PM
DS,Jimmy,8/24/2023,4:00 PM
DS,Jimmy,8/24/2023,4:00 PM
DS,Jimmy,8/24/2023,5:00 PM
DS,Jimmy,8/24/2023,5:00 PM
DS,Jimmy,8/24/2023,6:00 PM
DS,Jimmy,8/24/2023,6:00 PM
DS,Jimmy,8/24/2023,6:00 PM
DS,Jimmy,8/24/2023,6:00 PM
DS,Jack,8/25/2023,9:00 AM
DS,Jack,8/25/2023,9:00 AM
DS,Jack,8/25/2023,9:00 AM
DS,Jack,8/25/2023,9:00 AM
DS,Jack,8/25/2023,9:00 AM
DS,Jack,8/25/2023,10:00 AM
DS,Jack,8/25/2023,10:00 AM
DS,Jack,8/25/2023,10:00 AM
DS,Jack,8/25/2023,10:00 AM
DS,Jack,8/25/2023,10:00 AM
DS,Jack,8/25/2023,10:00 AM
DS,Jack,8/25/2023,11:00 AM
DS,Jack,8/25/2023,11:00 AM
DS,Jack,8/25/2023,11:00 AM
DS,Jack,8/25/2023,12:00 PM
DS,Jack,8/25/2023,12:00 PM
DS,Jack,8/25/2023,12:00 PM
DS,Jack,8/25/2023,12:00 PM
DS,Jack,8/25/2023,12:00 PM
DS,Jack,8/25/2023,4:00 PM
DS,Jack,8/25/2023,4:00 PM
DS,Jack,8/25/2023,4:00 PM
DS,Jack,8/25/2023,4:00 PM
DS,Jack,8/25/2023,4:00 PM
DS,Jack,8/25/2023,6:00 PM
DS,Jack,8/25/2023,6:00 PM
DS,Jack,8/25/2023,6:00 PM
DS,Jack,8/25/2023,6:00 PM
DS,Jack,8/25/2023,6:00 PM
DS,Jack,8/25/2023,6:00 PM
DS,Tim,8/25/2023,9:00 AM
DS,Tim,8/25/2023,9:00 AM
DS,Tim,8/25/2023,9:00 AM
DS,Tim,8/25/2023,9:00 AM
DS,Tim,8/25/2023,11:00 AM
DS,Tim,8/25/2023,11:00 AM
DS,Tim,8/25/2023,11:00 AM
DS,Tim,8/25/2023,11:00 AM
DS,Tim,8/25/2023,11:00 AM
DS,Tim,8/25/2023,11:00 AM
DS,Tim,8/25/2023,12:00 PM
DS,Tim,8/25/2023,12:00 PM
DS,Tim,8/25/2023,12:00 PM
DS,Tim,8/25/2023,12:00 PM
DS,Tim,8/25/2023,12:00 PM
DS,Tim,8/25/2023,2:00 PM
DS,Tim,8/25/2023,2:00 PM
DS,Tim,8/25/2023,2:00 PM
DS,Tim,8/25/2023,2:00 PM
DS,Tim,8/25/2023,3:00 PM
DS,Tim,8/25/2023,3:00 PM
DS,Tim,8/25/2023,3:00 PM
DS,Tim,8/25/2023,3:00 PM
DS,Tim,8/25/2023,4:00 PM
DS,Tim,8/25/2023,4:00 PM
DS,Tim,8/25/2023,6:00 PM
DS,Tim,8/25/2023,6:00 PM
DS,Tim,8/25/2023,6:00 PM
DS,Jimmy,8/25/2023,10:00 AM
DS,Jimmy,8/25/2023,10:00 AM
DS,Jimmy,8/25/2023,11:00 AM
DS,Jimmy,8/25/2023,2:00 PM
DS,Jimmy,8/25/2023,2:00 PM
DS,Jimmy,8/25/2023,3:00 PM
DS,Jimmy,8/25/2023,3:00 PM
DS,Jimmy,8/25/2023,3:00 PM
DS,Jimmy,8/25/2023,4:00 PM
DS,Jimmy,8/25/2023,4:00 PM
DS,Jimmy,8/25/2023,4:00 PM
DS,Jimmy,8/25/2023,4:00 PM
DS,Jimmy,8/25/2023,5:00 PM
DS,Jimmy,8/25/2023,5:00 PM
DS,Jimmy,8/25/2023,5:00 PM
DS,Jimmy,8/25/2023,6:00 PM
DS,Jimmy,8/25/2023,6:00 PM
DS,Jimmy,8/25/2023,6:00 PM
DS,Jimmy,8/25/2023,6:00 PM
DS,Jimmy,8/26/2023,10:00 AM
DS,Jimmy,8/26/2023,10:00 AM
DS,Jimmy,8/26/2023,10:00 AM
DS,Jimmy,8/26/2023,10:00 AM
DS,Jimmy,8/26/2023,11:00 AM
DS,Jimmy,8/26/2023,11:00 AM
DS,Jimmy,8/26/2023,2:00 PM
DS,Jimmy,8/26/2023,2:00 PM
DS,Jimmy,8/26/2023,2:00 PM
DS,Jimmy,8/26/2023,3:00 PM
DS,Jimmy,8/26/2023,4:00 PM
DS,Jimmy,8/26/2023,4:00 PM
DS,Jimmy,8/26/2023,5:00 PM
DS,Jimmy,8/26/2023,5:00 PM
DS,Jimmy,8/26/2023,6:00 PM
DS,Jimmy,8/26/2023,6:00 PM
DS,Jimmy,8/26/2023,6:00 PM
DS,Garry,8/26/2023,10:00 AM
DS,Garry,8/26/2023,10:00 AM
DS,Garry,8/26/2023,10:00 AM
DS,Garry,8/26/2023,11:00 AM
DS,Garry,8/26/2023,11:00 AM
DS,Garry,8/26/2023,11:00 AM
DS,Garry,8/26/2023,11:00 AM
DS,Garry,8/26/2023,2:00 PM
DS,Garry,8/26/2023,2:00 PM
DS,Garry,8/26/2023,2:00 PM
DS,Garry,8/26/2023,2:00 PM
DS,Garry,8/26/2023,4:00 PM
DS,Garry,8/26/2023,4:00 PM
DS,Garry,8/26/2023,4:00 PM
DS,Garry,8/26/2023,6:00 PM
DS,Garry,8/26/2023,6:00 PM
DS,Garry,8/26/2023,6:00 PM
DS,Jimmy,8/27/2023,10:00 AM
DS,Jimmy,8/27/2023,10:00 AM
DS,Jimmy,8/27/2023,11:00 AM
DS,Jimmy,8/27/2023,2:00 PM
DS,Jimmy,8/27/2023,2:00 PM
DS,Jimmy,8/27/2023,2:00 PM
DS,Jimmy,8/27/2023,3:00 PM
DS,Jimmy,8/27/2023,3:00 PM
DS,Jimmy,8/27/2023,3:00 PM
DS,Jimmy,8/27/2023,3:00 PM
DS,Jimmy,8/27/2023,4:00 PM
DS,Jimmy,8/27/2023,4:00 PM
DS,Jimmy,8/27/2023,4:00 PM
DS,Jimmy,8/27/2023,5:00 PM
DS,Jimmy,8/27/2023,6:00 PM
DS,Garry,8/27/2023,10:00 AM
DS,Garry,8/27/2023,10:00 AM
DS,Garry,8/27/2023,11:00 AM
DS,Garry,8/27/2023,11:00 AM
DS,Garry,8/27/2023,11:00 AM
DS,Garry,8/27/2023,2:00 PM
DS,Garry,8/27/2023,2:00 PM
DS,Garry,8/27/2023,2:00 PM
DS,Garry,8/27/2023,2:00 PM
DS,Garry,8/27/2023,4:00 PM
DS,Garry,8/27/2023,4:00 PM
DS,Garry,8/27/2023,4:00 PM
DS,Garry,8/27/2023,4:00 PM
DS,Garry,8/27/2023,4:00 PM
DS,Garry,8/27/2023,6:00 PM
DS,Garry,8/27/2023,6:00 PM
DS,Jack,8/28/2023,9:00 AM
DS,Jack,8/28/2023,9:00 AM
DS,Jack,8/28/2023,9:00 AM
DS,Jack,8/28/2023,9:00 AM
DS,Jack,8/28/2023,9:00 AM
DS,Jack,8/28/2023,10:00 AM
DS,Jack,8/28/2023,10:00 AM
DS,Jack,8/28/2023,10:00 AM
DS,Jack,8/28/2023,10:00 AM
DS,Jack,8/28/2023,11:00 AM
DS,Jack,8/28/2023,11:00 AM
DS,Jack,8/28/2023,11:00 AM
DS,Jack,8/28/2023,11:00 AM
DS,Jack,8/28/2023,11:00 AM
DS,Jack,8/28/2023,12:00 PM
DS,Jack,8/28/2023,12:00 PM
DS,Jack,8/28/2023,12:00 PM
DS,Jack,8/28/2023,12:00 PM
DS,Jack,8/28/2023,4:00 PM
DS,Jack,8/28/2023,4:00 PM
DS,Jack,8/28/2023,4:00 PM
DS,Jack,8/28/2023,4:00 PM
DS,Jack,8/28/2023,4:00 PM
DS,Jack,8/28/2023,6:00 PM
DS,Jack,8/28/2023,6:00 PM
DS,Jack,8/28/2023,6:00 PM
DS,Tim,8/28/2023,9:00 AM
DS,Tim,8/28/2023,9:00 AM
DS,Tim,8/28/2023,9:00 AM
DS,Tim,8/28/2023,11:00 AM
DS,Tim,8/28/2023,11:00 AM
DS,Tim,8/28/2023,11:00 AM
DS,Tim,8/28/2023,12:00 PM
DS,Tim,8/28/2023,12:00 PM
DS,Tim,8/28/2023,12:00 PM
DS,Tim,8/28/2023,12:00 PM
DS,Tim,8/28/2023,2:00 PM
DS,Tim,8/28/2023,2:00 PM
DS,Tim,8/28/2023,2:00 PM
DS,Tim,8/28/2023,2:00 PM
DS,Tim,8/28/2023,3:00 PM
DS,Tim,8/28/2023,3:00 PM
DS,Tim,8/28/2023,3:00 PM
DS,Tim,8/28/2023,3:00 PM
DS,Tim,8/28/2023,3:00 PM
DS,Tim,8/28/2023,3:00 PM
DS,Tim,8/28/2023,4:00 PM
DS,Tim,8/28/2023,4:00 PM
DS,Tim,8/28/2023,4:00 PM
DS,Tim,8/28/2023,6:00 PM
DS,Tim,8/28/2023,6:00 PM
DS,Tim,8/28/2023,6:00 PM
DS,Tim,8/28/2023,6:00 PM
DS,Jimmy,8/28/2023,10:00 AM
DS,Jimmy,8/28/2023,10:00 AM
DS,Jimmy,8/28/2023,10:00 AM
DS,Jimmy,8/28/2023,11:00 AM
DS,Jimmy,8/28/2023,11:00 AM
DS,Jimmy,8/28/2023,2:00 PM
DS,Jimmy,8/28/2023,2:00 PM
DS,Jimmy,8/28/2023,2:00 PM
DS,Jimmy,8/28/2023,3:00 PM
DS,Jimmy,8/28/2023,4:00 PM
DS,Jimmy,8/28/2023,4:00 PM
DS,Jimmy,8/28/2023,5:00 PM
DS,Jimmy,8/28/2023,5:00 PM
DS,Jimmy,8/28/2023,6:00 PM
DS,Jimmy,8/28/2023,6:00 PM
DS,Garry,8/28/2023,10:00 AM
DS,Garry,8/28/2023,10:00 AM
DS,Garry,8/28/2023,10:00 AM
DS,Garry,8/28/2023,11:00 AM
DS,Garry,8/28/2023,11:00 AM
DS,Garry,8/28/2023,11:00 AM
DS,Garry,8/28/2023,11:00 AM
DS,Garry,8/28/2023,11:00 AM
DS,Garry,8/28/2023,2:00 PM
DS,Garry,8/28/2023,2:00 PM
DS,Garry,8/28/2023,2:00 PM
DS,Garry,8/28/2023,4:00 PM
DS,Garry,8/28/2023,4:00 PM
DS,Garry,8/28/2023,4:00 PM
DS,Garry,8/28/2023,4:00 PM
DS,Garry,8/28/2023,6:00 PM
DS,Garry,8/28/2023,6:00 PM
DS,Jack,8/29/2023,9:00 AM
DS,Jack,8/29/2023,9:00 AM
DS,Jack,8/29/2023,9:00 AM
DS,Jack,8/29/2023,9:00 AM
DS,Jack,8/29/2023,10:00 AM
DS,Jack,8/29/2023,10:00 AM
DS,Jack,8/29/2023,10:00 AM
DS,Jack,8/29/2023,10:00 AM
DS,Jack,8/29/2023,11:00 AM
DS,Jack,8/29/2023,11:00 AM
DS,Jack,8/29/2023,11:00 AM
DS,Jack,8/29/2023,11:00 AM
DS,Jack,8/29/2023,11:00 AM
DS,Jack,8/29/2023,12:00 PM
DS,Jack,8/29/2023,12:00 PM
DS,Jack,8/29/2023,12:00 PM
DS,Jack,8/29/2023,12:00 PM
DS,Jack,8/29/2023,12:00 PM
DS,Jack,8/29/2023,12:00 PM
DS,Jack,8/29/2023,4:00 PM
DS,Jack,8/29/2023,4:00 PM
DS,Jack,8/29/2023,4:00 PM
DS,Jack,8/29/2023,4:00 PM
DS,Jack,8/29/2023,4:00 PM
DS,Jack,8/29/2023,4:00 PM
DS,Jack,8/29/2023,6:00 PM
DS,Jack,8/29/2023,6:00 PM
DS,Jack,8/29/2023,6:00 PM
DS,Jack,8/29/2023,6:00 PM
DS,Tim,8/29/2023,9:00 AM
DS,Tim,8/29/2023,9:00 AM
DS,Tim,8/29/2023,11:00 AM
DS,Tim,8/29/2023,11:00 AM
DS,Tim,8/29/2023,12:00 PM
DS,Tim,8/29/2023,12:00 PM
DS,Tim,8/29/2023,12:00 PM
DS,Tim,8/29/2023,12:00 PM
DS,Tim,8/29/2023,2:00 PM
DS,Tim,8/29/2023,2:00 PM
DS,Tim,8/29/2023,2:00 PM
DS,Tim,8/29/2023,2:00 PM
DS,Tim,8/29/2023,3:00 PM
DS,Tim,8/29/2023,3:00 PM
DS,Tim,8/29/2023,3:00 PM
DS,Tim,8/29/2023,3:00 PM
DS,Tim,8/29/2023,3:00 PM
DS,Tim,8/29/2023,4:00 PM
DS,Tim,8/29/2023,4:00 PM
DS,Tim,8/29/2023,6:00 PM
DS,Tim,8/29/2023,6:00 PM
DS,Tim,8/29/2023,6:00 PM
DS,Tim,8/29/2023,6:00 PM
DS,Tim,8/29/2023,6:00 PM
DS,Garry,8/29/2023,10:00 AM
DS,Garry,8/29/2023,10:00 AM
DS,Garry,8/29/2023,10:00 AM
DS,Garry,8/29/2023,10:00 AM
DS,Garry,8/29/2023,11:00 AM
DS,Garry,8/29/2023,11:00 AM
DS,Garry,8/29/2023,11:00 AM
DS,Garry,8/29/2023,11:00 AM
DS,Garry,8/29/2023,2:00 PM
DS,Garry,8/29/2023,2:00 PM
DS,Garry,8/29/2023,2:00 PM
DS,Garry,8/29/2023,4:00 PM
DS,Garry,8/29/2023,4:00 PM
DS,Garry,8/29/2023,6:00 PM
DS,Garry,8/29/2023,6:00 PM
DS,Garry,8/29/2023,6:00 PM
DS,Jack,8/30/2023,9:00 AM
DS,Jack,8/30/2023,9:00 AM
DS,Jack,8/30/2023,9:00 AM
DS,Jack,8/30/2023,9:00 AM
DS,Jack,8/30/2023,9:00 AM
DS,Jack,8/30/2023,10:00 AM
DS,Jack,8/30/2023,10:00 AM
DS,Jack,8/30/2023,10:00 AM
DS,Jack,8/30/2023,10:00 AM
DS,Jack,8/30/2023,10:00 AM
DS,Jack,8/30/2023,10:00 AM
DS,Jack,8/30/2023,11:00 AM
DS,Jack,8/30/2023,11:00 AM
DS,Jack,8/30/2023,11:00 AM
DS,Jack,8/30/2023,11:00 AM
DS,Jack,8/30/2023,11:00 AM
DS,Jack,8/30/2023,12:00 PM
DS,Jack,8/30/2023,12:00 PM
DS,Jack,8/30/2023,12:00 PM
DS,Jack,8/30/2023,12:00 PM
DS,Jack,8/30/2023,12:00 PM
DS,Jack,8/30/2023,4:00 PM
DS,Jack,8/30/2023,4:00 PM
DS,Jack,8/30/2023,4:00 PM
DS,Jack,8/30/2023,4:00 PM
DS,Jack,8/30/2023,4:00 PM
DS,Jack,8/30/2023,6:00 PM
DS,Jack,8/30/2023,6:00 PM
DS,Jack,8/30/2023,6:00 PM
DS,Jack,8/30/2023,6:00 PM
DS,Jack,8/30/2023,6:00 PM
DS,Tim,8/30/2023,9:00 AM
DS,Tim,8/30/2023,9:00 AM
DS,Tim,8/30/2023,9:00 AM
DS,Tim,8/30/2023,11:00 AM
DS,Tim,8/30/2023,11:00 AM
DS,Tim,8/30/2023,11:00 AM
DS,Tim,8/30/2023,11:00 AM
DS,Tim,8/30/2023,11:00 AM
DS,Tim,8/30/2023,12:00 PM
DS,Tim,8/30/2023,12:00 PM
DS,Tim,8/30/2023,12:00 PM
DS,Tim,8/30/2023,12:00 PM
DS,Tim,8/30/2023,12:00 PM
DS,Tim,8/30/2023,2:00 PM
DS,Tim,8/30/2023,2:00 PM
DS,Tim,8/30/2023,2:00 PM
DS,Tim,8/30/2023,3:00 PM
DS,Tim,8/30/2023,3:00 PM
DS,Tim,8/30/2023,3:00 PM
DS,Tim,8/30/2023,4:00 PM
DS,Tim,8/30/2023,4:00 PM
DS,Tim,8/30/2023,4:00 PM
DS,Tim,8/30/2023,4:00 PM
DS,Tim,8/30/2023,6:00 PM
DS,Tim,8/30/2023,6:00 PM
DS,Tim,8/30/2023,6:00 PM
DS,Garry,8/30/2023,10:00 AM
DS,Garry,8/30/2023,10:00 AM
DS,Garry,8/30/2023,10:00 AM
DS,Garry,8/30/2023,11:00 AM
DS,Garry,8/30/2023,11:00 AM
DS,Garry,8/30/2023,11:00 AM
DS,Garry,8/30/2023,11:00 AM
DS,Garry,8/30/2023,11:00 AM
DS,Garry,8/30/2023,2:00 PM
DS,Garry,8/30/2023,2:00 PM
DS,Garry,8/30/2023,4:00 PM
DS,Garry,8/30/2023,4:00 PM
DS,Garry,8/30/2023,4:00 PM
DS,Garry,8/30/2023,6:00 PM
DS,Garry,8/30/2023,6:00 PM
DS,Garry,8/30/2023,6:00 PM
DS,Garry,8/30/2023,6:00 PM
DS,Jack,8/31/2023,9:00 AM
DS,Jack,8/31/2023,9:00 AM
DS,Jack,8/31/2023,9:00 AM
DS,Jack,8/31/2023,9:00 AM
DS,Jack,8/31/2023,10:00 AM
DS,Jack,8/31/2023,10:00 AM
DS,Jack,8/31/2023,10:00 AM
DS,Jack,8/31/2023,10:00 AM
DS,Jack,8/31/2023,10:00 AM
DS,Jack,8/31/2023,11:00 AM
DS,Jack,8/31/2023,11:00 AM
DS,Jack,8/31/2023,11:00 AM
DS,Jack,8/31/2023,11:00 AM
DS,Jack,8/31/2023,12:00 PM
DS,Jack,8/31/2023,12:00 PM
DS,Jack,8/31/2023,12:00 PM
DS,Jack,8/31/2023,12:00 PM
DS,Jack,8/31/2023,12:00 PM
DS,Jack,8/31/2023,12:00 PM
DS,Jack,8/31/2023,4:00 PM
DS,Jack,8/31/2023,4:00 PM
DS,Jack,8/31/2023,4:00 PM
DS,Jack,8/31/2023,4:00 PM
DS,Jack,8/31/2023,6:00 PM
DS,Jack,8/31/2023,6:00 PM
DS,Jack,8/31/2023,6:00 PM
DS,Jack,8/31/2023,6:00 PM
DS,Jack,8/31/2023,6:00 PM
DS,Jack,8/31/2023,6:00 PM
DS,Tim,8/31/2023,9:00 AM
DS,Tim,8/31/2023,9:00 AM
DS,Tim,8/31/2023,11:00 AM
DS,Tim,8/31/2023,11:00 AM
DS,Tim,8/31/2023,11:00 AM
DS,Tim,8/31/2023,12:00 PM
DS,Tim,8/31/2023,12:00 PM
DS,Tim,8/31/2023,12:00 PM
DS,Tim,8/31/2023,12:00 PM
DS,Tim,8/31/2023,12:00 PM
DS,Tim,8/31/2023,2:00 PM
DS,Tim,8/31/2023,2:00 PM
DS,Tim,8/31/2023,2:00 PM
DS,Tim,8/31/2023,3:00 PM
DS,Tim,8/31/2023,3:00 PM
DS,Tim,8/31/2023,3:00 PM
DS,Tim,8/31/2023,3:00 PM
DS,Tim,8/31/2023,4:00 PM
DS,Tim,8/31/2023,4:00 PM
DS,Tim,8/31/2023,4:00 PM
DS,Tim,8/31/2023,4:00 PM
DS,Tim,8/31/2023,4:00 PM
DS,Tim,8/31/2023,6:00 PM
DS,Tim,8/31/2023,6:00 PM
DS,Tim,8/31/2023,6:00 PM
DS,Tim,8/31/2023,6:00 PM
DS,Jimmy,8/31/2023,10:00 AM
DS,Jimmy,8/31/2023,11:00 AM
DS,Jimmy,8/31/2023,11:00 AM
DS,Jimmy,8/31/2023,11:00 AM
DS,Jimmy,8/31/2023,11:00 AM
DS,Jimmy,8/31/2023,2:00 PM
DS,Jimmy,8/31/2023,2:00 PM
DS,Jimmy,8/31/2023,3:00 PM
DS,Jimmy,8/31/2023,3:00 PM
DS,Jimmy,8/31/2023,3:00 PM
DS,Jimmy,8/31/2023,4:00 PM
DS,Jimmy,8/31/2023,4:00 PM
DS,Jimmy,8/31/2023,4:00 PM
DS,Jimmy,8/31/2023,5:00 PM
DS,Jimmy,8/31/2023,5:00 PM
DS,Jimmy,8/31/2023,5:00 PM
DS,Jimmy,8/31/2023,6:00 PM
DS,Jimmy,8/31/2023,6:00 PM
DS,Jimmy,8/31/2023,6:00 PM
DS,Jimmy,8/31/2023,6:00 PM
DS,Jack,9/1/2023,9:00 AM
DS,Jack,9/1/2023,9:00 AM
DS,Jack,9/1/2023,9:00 AM
DS,Jack,9/1/2023,9:00 AM
DS,Jack,9/1/2023,9:00 AM
DS,Jack,9/1/2023,10:00 AM
DS,Jack,9/1/2023,10:00 AM
DS,Jack,9/1/2023,10:00 AM
DS,Jack,9/1/2023,10:00 AM
DS,Jack,9/1/2023,11:00 AM
DS,Jack,9/1/2023,11:00 AM
DS,Jack,9/1/2023,11:00 AM
DS,Jack,9/1/2023,11:00 AM
DS,Jack,9/1/2023,12:00 PM
DS,Jack,9/1/2023,12:00 PM
DS,Jack,9/1/2023,12:00 PM
DS,Jack,9/1/2023,12:00 PM
DS,Jack,9/1/2023,12:00 PM
DS,Jack,9/1/2023,12:00 PM
DS,Jack,9/1/2023,12:00 PM
DS,Jack,9/1/2023,4:00 PM
DS,Jack,9/1/2023,4:00 PM
DS,Jack,9/1/2023,4:00 PM
DS,Jack,9/1/2023,4:00 PM
DS,Jack,9/1/2023,4:00 PM
DS,Jack,9/1/2023,4:00 PM
DS,Jack,9/1/2023,6:00 PM
DS,Jack,9/1/2023,6:00 PM
DS,Jack,9/1/2023,6:00 PM
DS,Jack,9/1/2023,6:00 PM
DS,Tim,9/1/2023,9:00 AM
DS,Tim,9/1/2023,9:00 AM
DS,Tim,9/1/2023,9:00 AM
DS,Tim,9/1/2023,11:00 AM
DS,Tim,9/1/2023,11:00 AM
DS,Tim,9/1/2023,12:00 PM
DS,Tim,9/1/2023,12:00 PM
DS,Tim,9/1/2023,2:00 PM
DS,Tim,9/1/2023,2:00 PM
DS,Tim,9/1/2023,2:00 PM
DS,Tim,9/1/2023,2:00 PM
DS,Tim,9/1/2023,2:00 PM
DS,Tim,9/1/2023,3:00 PM
DS,Tim,9/1/2023,3:00 PM
DS,Tim,9/1/2023,4:00 PM
DS,Tim,9/1/2023,4:00 PM
DS,Tim,9/1/2023,4:00 PM
DS,Tim,9/1/2023,4:00 PM
DS,Tim,9/1/2023,4:00 PM
DS,Tim,9/1/2023,6:00 PM
DS,Tim,9/1/2023,6:00 PM
DS,Tim,9/1/2023,6:00 PM
DS,Tim,9/1/2023,6:00 PM
DS,Jimmy,9/1/2023,10:00 AM
DS,Jimmy,9/1/2023,10:00 AM
DS,Jimmy,9/1/2023,11:00 AM
DS,Jimmy,9/1/2023,2:00 PM
DS,Jimmy,9/1/2023,2:00 PM
DS,Jimmy,9/1/2023,3:00 PM
DS,Jimmy,9/1/2023,3:00 PM
DS,Jimmy,9/1/2023,3:00 PM
DS,Jimmy,9/1/2023,3:00 PM
DS,Jimmy,9/1/2023,4:00 PM
DS,Jimmy,9/1/2023,5:00 PM
DS,Jimmy,9/1/2023,5:00 PM
DS,Jimmy,9/1/2023,6:00 PM
DS,Jimmy,9/1/2023,6:00 PM
DS,Jimmy,9/2/2023,10:00 AM
DS,Jimmy,9/2/2023,11:00 AM
DS,Jimmy,9/2/2023,2:00 PM
DS,Jimmy,9/2/2023,2:00 PM
DS,Jimmy,9/2/2023,2:00 PM
DS,Jimmy,9/2/2023,2:00 PM
DS,Jimmy,9/2/2023,3:00 PM
DS,Jimmy,9/2/2023,3:00 PM
DS,Jimmy,9/2/2023,3:00 PM
DS,Jimmy,9/2/2023,4:00 PM
DS,Jimmy,9/2/2023,5:00 PM
DS,Jimmy,9/2/2023,5:00 PM
DS,Jimmy,9/2/2023,5:00 PM
DS,Jimmy,9/2/2023,6:00 PM
DS,Jimmy,9/2/2023,6:00 PM
DS,Garry,9/2/2023,10:00 AM
DS,Garry,9/2/2023,10:00 AM
DS,Garry,9/2/2023,10:00 AM
DS,Garry,9/2/2023,10:00 AM
DS,Garry,9/2/2023,11:00 AM
DS,Garry,9/2/2023,11:00 AM
DS,Garry,9/2/2023,2:00 PM
DS,Garry,9/2/2023,2:00 PM
DS,Garry,9/2/2023,2:00 PM
DS,Garry,9/2/2023,2:00 PM
DS,Garry,9/2/2023,4:00 PM
DS,Garry,9/2/2023,4:00 PM
DS,Garry,9/2/2023,4:00 PM
DS,Garry,9/2/2023,4:00 PM
DS,Garry,9/2/2023,6:00 PM
DS,Garry,9/2/2023,6:00 PM
DS,Garry,9/2/2023,6:00 PM
DS,Jimmy,9/3/2023,10:00 AM
DS,Jimmy,9/3/2023,10:00 AM
DS,Jimmy,9/3/2023,10:00 AM
DS,Jimmy,9/3/2023,10:00 AM
DS,Jimmy,9/3/2023,11:00 AM
DS,Jimmy,9/3/2023,11:00 AM
DS,Jimmy,9/3/2023,2:00 PM
DS,Jimmy,9/3/2023,2:00 PM
DS,Jimmy,9/3/2023,2:00 PM
DS,Jimmy,9/3/2023,2:00 PM
DS,Jimmy,9/3/2023,3:00 PM
DS,Jimmy,9/3/2023,3:00 PM
DS,Jimmy,9/3/2023,4:00 PM
DS,Jimmy,9/3/2023,4:00 PM
DS,Jimmy,9/3/2023,5:00 PM
DS,Jimmy,9/3/2023,5:00 PM
DS,Jimmy,9/3/2023,5:00 PM
DS,Jimmy,9/3/2023,5:00 PM
DS,Jimmy,9/3/2023,6:00 PM
DS,Jimmy,9/3/2023,6:00 PM
DS,Garry,9/3/2023,10:00 AM
DS,Garry,9/3/2023,10:00 AM
DS,Garry,9/3/2023,10:00 AM
DS,Garry,9/3/2023,10:00 AM
DS,Garry,9/3/2023,11:00 AM
DS,Garry,9/3/2023,11:00 AM
DS,Garry,9/3/2023,11:00 AM
DS,Garry,9/3/2023,11:00 AM
DS,Garry,9/3/2023,2:00 PM
DS,Garry,9/3/2023,2:00 PM
DS,Garry,9/3/2023,4:00 PM
DS,Garry,9/3/2023,4:00 PM
DS,Garry,9/3/2023,4:00 PM
DS,Garry,9/3/2023,6:00 PM
DS,Garry,9/3/2023,6:00 PM
DS,Garry,9/3/2023,6:00 PM
DS,Jack,9/4/2023,9:00 AM
DS,Jack,9/4/2023,9:00 AM
DS,Jack,9/4/2023,9:00 AM
DS,Jack,9/4/2023,9:00 AM
DS,Jack,9/4/2023,9:00 AM
DS,Jack,9/4/2023,9:00 AM
DS,Jack,9/4/2023,10:00 AM
DS,Jack,9/4/2023,10:00 AM
DS,Jack,9/4/2023,10:00 AM
DS,Jack,9/4/2023,10:00 AM
DS,Jack,9/4/2023,10:00 AM
DS,Jack,9/4/2023,11:00 AM
DS,Jack,9/4/2023,11:00 AM
DS,Jack,9/4/2023,11:00 AM
DS,Jack,9/4/2023,12:00 PM
DS,Jack,9/4/2023,12:00 PM
DS,Jack,9/4/2023,12:00 PM
DS,Jack,9/4/2023,12:00 PM
DS,Jack,9/4/2023,4:00 PM
DS,Jack,9/4/2023,4:00 PM
DS,Jack,9/4/2023,4:00 PM
DS,Jack,9/4/2023,6:00 PM
DS,Jack,9/4/2023,6:00 PM
DS,Jack,9/4/2023,6:00 PM
DS,Jack,9/4/2023,6:00 PM
DS,Jack,9/4/2023,6:00 PM
DS,Tim,9/4/2023,9:00 AM
DS,Tim,9/4/2023,9:00 AM
DS,Tim,9/4/2023,9:00 AM
DS,Tim,9/4/2023,9:00 AM
DS,Tim,9/4/2023,9:00 AM
DS,Tim,9/4/2023,11:00 AM
DS,Tim,9/4/2023,11:00 AM
DS,Tim,9/4/2023,11:00 AM
DS,Tim,9/4/2023,11:00 AM
DS,Tim,9/4/2023,12:00 PM
DS,Tim,9/4/2023,12:00 PM
DS,Tim,9/4/2023,12:00 PM
DS,Tim,9/4/2023,2:00 PM
DS,Tim,9/4/2023,2:00 PM
DS,Tim,9/4/2023,2:00 PM
DS,Tim,9/4/2023,3:00 PM
DS,Tim,9/4/2023,3:00 PM
DS,Tim,9/4/2023,3:00 PM
DS,Tim,9/4/2023,3:00 PM
DS,Tim,9/4/2023,3:00 PM
DS,Tim,9/4/2023,4:00 PM
DS,Tim,9/4/2023,4:00 PM
DS,Tim,9/4/2023,4:00 PM
DS,Tim,9/4/2023,4:00 PM
DS,Tim,9/4/2023,4:00 PM
DS,Tim,9/4/2023,6:00 PM
DS,Tim,9/4/2023,6:00 PM
DS,Tim,9/4/2023,6:00 PM
DS,Jimmy,9/4/2023,10:00 AM
DS,Jimmy,9/4/2023,10:00 AM
DS,Jimmy,9/4/2023,11:00 AM
DS,Jimmy,9/4/2023,11:00 AM
DS,Jimmy,9/4/2023,11:00 AM
DS,Jimmy,9/4/2023,2:00 PM
DS,Jimmy,9/4/2023,2:00 PM
DS,Jimmy,9/4/2023,2:00 PM
DS,Jimmy,9/4/2023,3:00 PM
DS,Jimmy,9/4/2023,3:00 PM
DS,Jimmy,9/4/2023,3:00 PM
DS,Jimmy,9/4/2023,3:00 PM
DS,Jimmy,9/4/2023,3:00 PM
DS,Jimmy,9/4/2023,4:00 PM
DS,Jimmy,9/4/2023,4:00 PM
DS,Jimmy,9/4/2023,5:00 PM
DS,Jimmy,9/4/2023,5:00 PM
DS,Jimmy,9/4/2023,5:00 PM
DS,Jimmy,9/4/2023,6:00 PM
DS,Jimmy,9/4/2023,6:00 PM
DS,Jimmy,9/4/2023,6:00 PM
DS,Garry,9/4/2023,10:00 AM
DS,Garry,9/4/2023,10:00 AM
DS,Garry,9/4/2023,10:00 AM
DS,Garry,9/4/2023,11:00 AM
DS,Garry,9/4/2023,11:00 AM
DS,Garry,9/4/2023,11:00 AM
DS,Garry,9/4/2023,2:00 PM
DS,Garry,9/4/2023,2:00 PM
DS,Garry,9/4/2023,2:00 PM
DS,Garry,9/4/2023,2:00 PM
DS,Garry,9/4/2023,4:00 PM
DS,Garry,9/4/2023,4:00 PM
DS,Garry,9/4/2023,4:00 PM
DS,Garry,9/4/2023,6:00 PM
DS,Garry,9/4/2023,6:00 PM
DS,Garry,9/4/2023,6:00 PM
DS,Garry,9/4/2023,6:00 PM
DS,Garry,9/4/2023,6:00 PM